PassengerId,Survived,Pclass,Age,SibSp,Parch,Fare,HasCabin,FamilySize,IsAlone,Sex_male,Embarked_Q,Embarked_S,Title_Miss,Title_Mr,Title_Mrs,Title_Rare
1,0,3,-0.5417476138421057,1,0,-0.8205524467753036,0,0.059159876663617626,0,1,0,1,0,1,0,0
2,1,1,0.7155994876151472,1,0,2.0316232164746784,1,0.059159876663617626,0,0,0,0,0,0,1,0
3,1,3,-0.22741083847779245,0,0,-0.7875775669667633,0,-0.5609748304808925,1,0,0,1,1,0,0,0
4,1,1,0.4798469060919123,1,0,1.4192967965159125,1,0.059159876663617626,0,0,0,1,0,0,1,0
5,0,3,0.4798469060919123,0,0,-0.7814711077429595,0,-0.5609748304808925,1,1,0,1,0,1,0,0
6,0,3,-0.30599503231887076,0,0,-0.761524969334327,0,-0.5609748304808925,1,1,1,0,0,1,0,0
7,0,1,1.9729465890724,0,0,1.358842850200255,1,-0.5609748304808925,1,1,0,1,0,1,0,0
8,0,3,-2.1134314906636718,3,1,-0.14517805662260871,0,1.9195639980971482,0,1,0,1,0,0,0,0
9,1,3,-0.14882664463671416,0,2,-0.6308467419449267,0,0.6792945838081278,0,0,0,1,0,0,1,0
10,1,2,-1.170421164570732,1,0,0.2942818304613415,0,0.059159876663617626,0,0,0,0,0,0,1,0
11,1,3,-1.9562631029815152,1,1,-0.35890412945574,1,0.6792945838081278,0,0,0,1,1,0,0,0
12,1,1,2.267637315976444,0,0,0.12228485737999564,1,-0.5609748304808925,1,0,0,1,1,0,0,0
13,0,3,-0.6989160015242623,0,0,-0.7814711077429595,0,-0.5609748304808925,1,1,0,1,0,1,0,0
14,0,3,0.7941836814562255,1,5,0.35310901603977735,0,3.1598334123861687,0,1,0,1,0,1,0,0
15,0,3,-1.170421164570732,0,0,-0.7910362654711258,0,-0.5609748304808925,1,0,0,1,1,0,0,0
16,1,2,2.0515307829134786,0,0,-0.393100301109041,0,-0.5609748304808925,1,0,0,1,0,0,1,0
17,0,3,-2.1134314906636718,4,1,0.24807791739035287,0,2.5396987052416584,0,1,1,0,0,0,0,0
18,1,2,0.08692593688652077,0,0,-0.539655322480331,0,-0.5609748304808925,1,1,0,1,0,1,0,0
19,0,3,0.16551013072759907,1,0,-0.29539695352818096,0,0.059159876663617626,0,0,0,1,0,0,1,0
20,1,3,-0.5810397107626448,0,0,-0.8217737386200644,0,-0.5609748304808925,1,0,0,0,0,0,1,0
21,0,2,0.4798469060919123,0,0,0.0954164367952591,0,-0.5609748304808925,1,1,0,1,0,1,0,0
22,1,2,0.401262712250834,0,0,-0.539655322480331,1,-0.5609748304808925,1,1,0,1,0,1,0,0
23,1,3,-1.0918369707296538,0,0,-0.7824872225578006,0,-0.5609748304808925,1,0,1,0,1,0,0,0
24,1,1,-0.07024245079563585,0,0,0.5595073378043441,1,-0.5609748304808925,1,1,0,1,0,1,0,0
25,0,3,-1.641926327617202,3,1,-0.14517805662260871,0,1.9195639980971482,0,0,0,1,1,0,0,0
26,1,3,0.7155994876151472,1,5,0.35860482934120075,0,3.1598334123861687,0,0,0,1,0,0,1,0
27,0,3,-0.30599503231887076,0,0,-0.8217737386200644,0,-0.5609748304808925,1,1,0,0,0,1,0,0
28,0,1,-0.7775001953653405,3,2,2.0316232164746784,1,2.5396987052416584,0,1,0,1,0,1,0,0
29,1,3,-0.5810397107626448,0,0,-0.789814973626365,0,-0.5609748304808925,1,0,1,0,1,0,0,0
30,0,3,-0.30599503231887076,0,0,-0.7890040358414437,0,-0.5609748304808925,1,1,0,1,0,1,0,0
31,0,1,0.8727678752973038,0,0,0.1794803970538311,0,-0.5609748304808925,1,1,0,0,0,0,0,1
32,1,1,0.4798469060919123,1,0,2.0316232164746784,1,0.059159876663617626,0,0,0,0,0,0,1,0
33,1,3,-0.5810397107626448,0,0,-0.7961266098800885,0,-0.5609748304808925,1,0,1,0,1,0,0,0
34,0,2,2.267637315976444,0,0,-0.661784506956406,0,-0.5609748304808925,1,1,0,1,0,1,0,0
35,0,1,-0.07024245079563585,1,0,2.0316232164746784,0,0.059159876663617626,0,1,0,0,0,1,0,0
36,0,1,1.0299362629794604,1,0,1.3655599553464393,0,0.059159876663617626,0,1,0,1,0,1,0,0
37,1,3,-0.30599503231887076,0,0,-0.8215685615901446,0,-0.5609748304808925,1,1,0,0,0,1,0,0
38,0,3,-0.620331807683184,0,0,-0.7814711077429595,0,-0.5609748304808925,1,1,0,1,0,1,0,0
39,0,3,-0.8560843892064189,2,0,-0.29539695352818096,0,0.6792945838081278,0,0,0,1,1,0,0,0
40,1,3,-1.170421164570732,1,0,-0.6255512205060441,0,0.059159876663617626,0,0,0,0,1,0,0,0
41,0,3,0.8727678752973038,1,0,-0.7118574725915968,0,0.059159876663617626,0,0,0,1,0,0,1,0
42,0,2,-0.14882664463671416,1,0,-0.14884193215689093,0,0.059159876663617626,0,0,0,1,0,0,1,0
43,0,3,-0.30599503231887076,0,0,-0.7890040358414437,0,-0.5609748304808925,1,1,0,0,0,1,0,0
44,1,2,-2.0348472968225937,1,2,0.8564864331111263,0,1.299429290952638,0,0,0,0,1,0,0,0
45,1,3,-0.7775001953653405,0,0,-0.789814973626365,0,-0.5609748304808925,1,0,1,0,1,0,0,0
46,0,3,-0.30599503231887076,0,0,-0.7814711077429595,0,-0.5609748304808925,1,1,0,1,0,1,0,0
47,0,3,-0.30599503231887076,1,0,-0.417526138004256,0,0.059159876663617626,0,1,1,0,0,1,0,0
48,1,3,-0.5810397107626448,0,0,-0.7961266098800885,0,-0.5609748304808925,1,0,1,0,1,0,0,0
49,0,3,-0.30599503231887076,2,0,-0.1156618753184308,0,0.6792945838081278,0,1,0,0,0,1,0,0
50,0,3,-0.8560843892064189,1,0,-0.30516728828626694,0,0.059159876663617626,0,0,0,1,0,0,1,0
51,0,3,-1.7205105214582803,4,1,0.7640737218017698,0,2.5396987052416584,0,1,0,1,0,0,0,0
52,0,3,-0.620331807683184,0,0,-0.793684026190567,0,-0.5609748304808925,1,1,0,1,0,1,0,0
53,1,1,1.5800256198670086,1,0,2.0316232164746784,1,0.059159876663617626,0,0,0,0,0,0,1,0
54,1,2,0.008341743045442463,1,0,0.0954164367952591,0,0.059159876663617626,0,0,0,1,0,0,1,0
55,0,1,2.267637315976444,0,1,1.8530605784358982,1,0.059159876663617626,0,1,0,0,0,1,0,0
56,1,1,0.8727678752973038,0,0,0.5595073378043441,1,-0.5609748304808925,1,1,0,1,0,1,0,0
57,1,2,-0.620331807683184,0,0,-0.661784506956406,0,-0.5609748304808925,1,0,0,1,1,0,0,0
58,0,3,-0.03095035387509669,0,0,-0.8215685615901446,0,-0.5609748304808925,1,1,0,0,0,1,0,0
59,1,2,-1.877678909140437,1,2,0.18090686592851163,0,1.299429290952638,0,0,0,1,1,0,0,0
60,0,3,-1.406173746093967,5,2,1.1164164190152461,0,3.779968119530679,0,1,0,1,0,0,0,0
61,0,3,-0.5417476138421057,0,0,-0.8215685615901446,0,-0.5609748304808925,1,1,0,0,0,1,0,0
62,1,1,0.7155994876151472,0,0,2.0316232164746784,1,-0.5609748304808925,1,0,0,1,1,0,0,0
63,0,1,1.2656888445026953,1,0,2.0316232164746784,1,0.059159876663617626,0,1,0,1,0,1,0,0
64,0,3,-1.9562631029815152,3,2,0.18823461699707605,0,2.5396987052416584,0,1,0,1,0,0,0,0
65,0,1,0.8727678752973038,0,0,0.1794803970538311,0,-0.5609748304808925,1,1,0,0,0,1,0,0
66,1,3,-0.30599503231887076,1,1,-0.42994423348178334,0,0.6792945838081278,0,1,0,0,0,0,0,0
67,1,2,0.008341743045442463,0,0,-0.661784506956406,1,-0.5609748304808925,1,0,0,1,0,0,1,0
68,0,3,-0.7775001953653405,0,0,-0.776180471471456,0,-0.5609748304808925,1,1,0,1,0,1,0,0
69,1,3,-0.9346685830474972,4,2,-0.7875775669667633,0,3.1598334123861687,0,0,0,1,1,0,0,0
70,0,3,-0.22741083847779245,2,0,-0.7515494575463212,0,0.6792945838081278,0,1,0,1,0,1,0,0
71,0,2,0.24409432456867738,0,0,-0.661784506956406,0,-0.5609748304808925,1,1,0,1,0,1,0,0
72,0,3,-1.0132527768885755,5,2,1.1164164190152461,0,3.779968119530679,0,0,0,1,1,0,0,0
73,0,2,-0.620331807683184,0,0,2.0316232164746784,0,-0.5609748304808925,1,1,0,1,0,1,0,0
74,0,3,-0.22741083847779245,1,0,-0.46861521845428766,0,0.059159876663617626,0,1,0,0,0,1,0,0
75,1,3,0.24409432456867738,0,0,1.5851873103734548,0,-0.5609748304808925,1,1,0,1,0,1,0,0
76,0,3,-0.30599503231887076,0,0,-0.8010117772591314,1,-0.5609748304808925,1,1,0,1,0,1,0,0
77,0,3,-0.30599503231887076,0,0,-0.7890040358414437,0,-0.5609748304808925,1,1,0,1,0,1,0,0
78,0,3,-0.30599503231887076,0,0,-0.7814711077429595,0,-0.5609748304808925,1,1,0,1,0,1,0,0
79,1,2,-2.2053749974577337,0,2,0.24197145816654914,0,0.6792945838081278,0,1,0,1,0,0,0,0
80,1,3,0.08692593688652077,0,0,-0.5653024512203068,0,-0.5609748304808925,1,0,0,1,1,0,0,0
81,0,3,-0.5417476138421057,0,0,-0.735062017642051,0,-0.5609748304808925,1,1,0,1,0,1,0,0
82,1,3,0.008341743045442463,0,0,-0.710636180746836,0,-0.5609748304808925,1,1,0,1,0,1,0,0
83,1,3,-0.5810397107626448,0,0,-0.7942946721129476,0,-0.5609748304808925,1,0,1,0,1,0,0,0
84,0,1,-0.07024245079563585,0,0,1.1261867537733323,0,-0.5609748304808925,1,1,0,1,0,1,0,0
85,1,2,-0.9346685830474972,0,0,-0.661784506956406,0,-0.5609748304808925,1,0,0,1,1,0,0,0
86,1,3,0.3226785184097557,3,0,-0.4004280521776055,0,1.299429290952638,0,0,0,1,0,0,1,0
87,0,3,-1.0132527768885755,1,3,0.5045492047901105,0,1.9195639980971482,0,1,0,1,0,1,0,0
88,0,3,-0.30599503231887076,0,0,-0.7814711077429595,0,-0.5609748304808925,1,1,0,1,0,1,0,0
89,1,1,-0.4631634200010274,3,2,2.0316232164746784,1,2.5396987052416584,0,0,0,1,1,0,0,0
90,0,3,-0.38457922615994905,0,0,-0.7814711077429595,0,-0.5609748304808925,1,1,0,1,0,1,0,0
91,0,3,0.008341743045442463,0,0,-0.7814711077429595,0,-0.5609748304808925,1,1,0,1,0,1,0,0
92,0,3,-0.6989160015242623,0,0,-0.7910362654711258,0,-0.5609748304808925,1,1,0,1,0,1,0,0
93,0,1,1.3442730383437738,1,0,1.8137740623736347,1,0.059159876663617626,0,1,0,1,0,1,0,0
94,0,3,-0.22741083847779245,1,2,-0.16960389351782373,0,1.299429290952638,0,1,0,1,0,1,0,0
95,0,3,2.267637315976444,0,0,-0.8205524467753036,0,-0.5609748304808925,1,1,0,1,0,1,0,0
96,0,3,-0.30599503231887076,0,0,-0.7814711077429595,0,-0.5609748304808925,1,1,0,1,0,1,0,0
97,0,1,2.267637315976444,0,0,0.5181885921123986,1,-0.5609748304808925,1,1,0,0,0,1,0,0
98,1,1,-0.4631634200010274,0,1,1.9204319217602805,1,0.059159876663617626,0,1,0,0,0,1,0,0
99,1,2,0.401262712250834,0,1,-0.051138584576030925,0,0.059159876663617626,0,0,0,1,0,0,1,0
100,0,2,0.401262712250834,1,0,0.0954164367952591,0,0.059159876663617626,0,1,0,1,0,1,0,0
101,0,3,-0.07024245079563585,0,0,-0.7890040358414437,0,-0.5609748304808925,1,0,0,1,1,0,0,0
102,0,3,-0.30599503231887076,0,0,-0.7890040358414437,0,-0.5609748304808925,1,1,0,1,0,1,0,0
103,0,1,-0.620331807683184,0,1,2.0316232164746784,1,0.059159876663617626,0,1,0,1,0,1,0,0
104,0,3,0.3226785184097557,0,0,-0.7519549264387818,0,-0.5609748304808925,1,1,0,1,0,1,0,0
105,0,3,0.637015293774069,2,0,-0.7875775669667633,0,0.6792945838081278,0,1,0,1,0,1,0,0
106,0,3,-0.07024245079563585,0,0,-0.7890040358414437,0,-0.5609748304808925,1,1,0,1,0,1,0,0
107,1,3,-0.620331807683184,0,0,-0.8010117772591314,0,-0.5609748304808925,1,0,0,1,1,0,0,0
108,1,3,-0.30599503231887076,0,0,-0.7949053180353277,0,-0.5609748304808925,1,1,0,1,0,1,0,0
109,0,3,0.7155994876151472,0,0,-0.7890040358414437,0,-0.5609748304808925,1,1,0,1,0,1,0,0
110,1,3,-0.5810397107626448,1,0,0.005040840282963516,0,0.059159876663617626,0,0,1,0,1,0,0,0
111,0,1,1.422857232184852,0,0,1.3655599553464393,1,-0.5609748304808925,1,1,0,1,0,1,0,0
112,0,3,-1.131129067650193,1,0,-0.46861521845428766,0,0.059159876663617626,0,0,0,0,1,0,0,0
113,0,3,-0.5417476138421057,0,0,-0.7814711077429595,0,-0.5609748304808925,1,1,0,1,0,1,0,0
114,0,3,-0.6989160015242623,1,0,-0.6947593867649463,0,0.059159876663617626,0,0,0,1,1,0,0,0
115,0,3,-0.9346685830474972,0,0,-0.46841492659174694,0,-0.5609748304808925,1,0,0,0,1,0,0,0
116,0,3,-0.620331807683184,0,0,-0.7875775669667633,0,-0.5609748304808925,1,1,0,1,0,1,0,0
117,0,3,2.267637315976444,0,0,-0.7961266098800885,0,-0.5609748304808925,1,1,1,0,0,1,0,0
118,0,2,0.008341743045442463,1,0,-0.14884193215689093,0,0.059159876663617626,0,1,0,1,0,1,0,0
119,0,1,-0.38457922615994905,0,1,2.0316232164746784,1,0.059159876663617626,0,1,0,0,0,1,0,0
120,0,3,-2.1134314906636718,4,2,0.35310901603977735,0,3.1598334123861687,0,0,0,1,1,0,0,0
121,0,2,-0.620331807683184,2,0,2.0316232164746784,0,0.6792945838081278,0,1,0,1,0,1,0,0
122,0,3,-0.30599503231887076,0,0,-0.7814711077429595,0,-0.5609748304808925,1,1,0,1,0,1,0,0
123,0,2,0.28338642148921656,1,0,0.2942818304613415,0,0.059159876663617626,0,1,0,0,0,1,0,0
124,1,2,0.28338642148921656,0,0,-0.539655322480331,1,-0.5609748304808925,1,0,0,1,1,0,0,0
125,0,1,1.9729465890724,0,1,2.0316232164746784,1,0.059159876663617626,0,1,0,1,0,1,0,0
126,1,3,-1.3275895522528887,1,0,-0.6255512205060441,0,0.059159876663617626,0,1,0,0,0,0,0,0
127,0,3,-0.30599503231887076,0,0,-0.7961266098800885,0,-0.5609748304808925,1,1,1,0,0,1,0,0
128,1,3,-0.38457922615994905,0,0,-0.8258430830468071,0,-0.5609748304808925,1,1,0,1,0,1,0,0
129,1,3,-0.5810397107626448,1,1,-0.08248670364734986,1,0.6792945838081278,0,0,0,0,1,0,0,0
130,0,3,1.2656888445026953,0,0,-0.8339866570676719,0,-0.5609748304808925,1,1,0,1,0,1,0,0
131,0,3,0.3226785184097557,0,0,-0.7890040358414437,0,-0.5609748304808925,1,1,0,0,0,1,0,0
132,0,3,-0.6989160015242623,0,0,-0.8303227815333896,0,-0.5609748304808925,1,1,0,1,0,1,0,0
133,0,3,1.422857232184852,1,0,-0.466377811794686,0,0.059159876663617626,0,0,0,1,0,0,1,0
134,1,2,0.008341743045442463,1,0,0.0954164367952591,0,0.059159876663617626,0,0,0,1,0,0,1,0
135,0,2,-0.30599503231887076,0,0,-0.539655322480331,0,-0.5609748304808925,1,1,0,1,0,1,0,0
136,0,2,-0.4631634200010274,0,0,-0.4397145682398693,0,-0.5609748304808925,1,1,0,0,0,1,0,0
137,1,1,-0.7775001953653405,0,2,0.10925611598008794,1,0.6792945838081278,0,0,0,1,1,0,0,0
138,0,1,0.637015293774069,1,0,1.4192967965159125,1,0.059159876663617626,0,1,0,1,0,1,0,0
139,0,3,-1.0132527768885755,0,0,-0.7244758599316649,0,-0.5609748304808925,1,1,0,1,0,1,0,0
140,0,1,-0.38457922615994905,0,0,2.0316232164746784,1,-0.5609748304808925,1,1,0,0,0,1,0,0
141,0,3,-0.5810397107626448,0,2,-0.42994423348178334,0,0.6792945838081278,0,0,0,0,0,0,1,0
142,1,3,-0.5417476138421057,0,0,-0.7961266098800885,0,-0.5609748304808925,1,0,0,1,1,0,0,0
143,1,3,-0.38457922615994905,1,0,-0.4004280521776055,0,0.059159876663617626,0,0,0,1,0,0,1,0
144,0,3,-0.7775001953653405,0,0,-0.8449782836705185,0,-0.5609748304808925,1,1,1,0,0,1,0,0
145,0,2,-0.8560843892064189,0,0,-0.612932833165976,0,-0.5609748304808925,1,1,0,1,0,1,0,0
146,0,2,-0.7775001953653405,1,1,0.6205719300423816,0,0.6792945838081278,0,1,0,1,0,1,0,0
147,1,3,-0.14882664463671416,0,0,-0.7938892032204868,0,-0.5609748304808925,1,1,0,1,0,1,0,0
148,0,3,-1.5633421337761237,2,2,0.5045492047901105,0,1.9195639980971482,0,0,0,1,1,0,0,0
149,0,2,0.5977231968535297,0,2,0.0954164367952591,1,0.6792945838081278,0,1,0,1,0,1,0,0
150,0,2,1.0299362629794604,0,0,-0.539655322480331,0,-0.5609748304808925,1,1,0,1,0,0,0,1
151,0,2,1.7371940075491652,0,0,-0.5628598675307852,0,-0.5609748304808925,1,1,0,1,0,0,0,1
152,1,1,-0.5417476138421057,1,0,2.0316232164746784,1,0.059159876663617626,0,0,0,1,0,0,1,0
153,0,3,2.0908228798340174,0,0,-0.7814711077429595,0,-0.5609748304808925,1,1,0,1,0,1,0,0
154,0,3,0.912059972217843,0,2,-0.466377811794686,0,0.6792945838081278,0,1,0,1,0,1,0,0
155,0,3,-0.30599503231887076,0,0,-0.8174992171634017,0,-0.5609748304808925,1,1,0,1,0,1,0,0
156,0,1,1.7371940075491652,0,1,1.8237495741616405,0,0.059159876663617626,0,1,0,0,0,1,0,0
157,1,3,-1.0132527768885755,0,0,-0.7969424328323887,0,-0.5609748304808925,1,0,1,0,1,0,0,0
158,0,3,0.08692593688652077,0,0,-0.7814711077429595,0,-0.5609748304808925,1,1,0,1,0,1,0,0
159,0,3,-0.30599503231887076,0,0,-0.7515494575463212,0,-0.5609748304808925,1,1,0,1,0,1,0,0
160,0,3,-0.30599503231887076,8,2,2.0316232164746784,0,5.64037224096421,0,1,0,1,0,0,0,0
161,0,3,1.187104650661617,0,1,-0.3882151337299979,0,0.059159876663617626,0,1,0,1,0,1,0,0
162,1,2,0.8727678752973038,0,0,-0.4053132195566485,0,-0.5609748304808925,1,0,0,1,0,0,1,0
163,0,3,-0.22741083847779245,0,0,-0.7949053180353277,0,-0.5609748304808925,1,1,0,1,0,1,0,0
164,0,3,-0.9346685830474972,0,0,-0.7515494575463212,0,-0.5609748304808925,1,1,0,1,0,1,0,0
165,0,3,-2.1920156845047503,4,1,0.7640737218017698,0,2.5396987052416584,0,1,0,1,0,0,0,0
166,1,3,-1.5633421337761237,0,2,-0.17204647720734526,0,0.6792945838081278,0,1,0,1,0,0,0,0
167,1,1,0.4798469060919123,0,1,1.5121149767177293,1,0.059159876663617626,0,0,0,1,0,0,1,0
168,0,3,1.2656888445026953,1,4,0.18823461699707605,0,2.5396987052416584,0,0,0,1,0,0,1,0
169,0,1,0.8727678752973038,0,0,0.09175256126097689,0,-0.5609748304808925,1,1,0,1,0,1,0,0
170,0,3,-0.07024245079563585,0,0,1.5851873103734548,0,-0.5609748304808925,1,1,0,1,0,1,0,0
171,0,1,2.267637315976444,0,0,0.4618039902234842,1,-0.5609748304808925,1,1,0,1,0,1,0,0
172,0,3,-1.9562631029815152,4,1,0.24807791739035287,0,2.5396987052416584,0,1,1,0,0,0,0,0
173,1,3,-2.1920156845047503,1,1,-0.6308467419449267,0,0.6792945838081278,0,0,0,1,1,0,0,0
174,0,3,-0.620331807683184,0,0,-0.7875775669667633,0,-0.5609748304808925,1,1,0,1,0,1,0,0
175,0,1,2.1301149767545566,0,0,0.32481412658036024,1,-0.5609748304808925,1,1,0,0,0,1,0,0
176,0,3,-0.8560843892064189,1,1,-0.7910362654711258,0,0.6792945838081278,0,1,0,1,0,1,0,0
177,0,3,-0.30599503231887076,3,1,0.06936383916282275,0,1.9195639980971482,0,1,0,1,0,0,0,0
178,0,1,1.658609813708087,0,0,0.22792660195180042,1,-0.5609748304808925,1,0,0,0,1,0,0,0
179,0,2,0.08692593688652077,0,0,-0.539655322480331,0,-0.5609748304808925,1,1,0,1,0,1,0,0
180,0,3,0.5584310999329906,0,0,-1.1747270817559212,0,-0.5609748304808925,1,1,0,1,0,1,0,0
181,0,3,-0.5810397107626448,8,2,2.0316232164746784,0,5.64037224096421,0,0,0,1,1,0,0,0
182,0,2,0.08692593688652077,0,0,-0.4395093912099495,0,-0.5609748304808925,1,1,0,0,0,1,0,0
183,0,3,-1.5633421337761237,4,2,0.35860482934120075,0,3.1598334123861687,0,1,0,1,0,0,0,0
184,1,2,-2.1920156845047503,2,1,0.7304881960708492,1,1.299429290952638,0,1,0,1,0,0,0,0
185,1,3,-1.9562631029815152,0,2,-0.09876896652170025,0,0.6792945838081278,0,0,0,1,1,0,0,0
186,0,1,0.8727678752973038,0,0,1.2678566077655793,1,-0.5609748304808925,1,1,0,1,0,1,0,0
187,1,3,-0.5810397107626448,1,0,-0.417526138004256,0,0.059159876663617626,0,0,1,0,0,0,1,0
188,1,1,1.2656888445026953,0,0,0.12228485737999564,0,-0.5609748304808925,1,1,0,1,0,1,0,0
189,0,3,0.8727678752973038,1,1,-0.417526138004256,0,0.6792945838081278,0,1,1,0,0,1,0,0
190,0,3,0.5584310999329906,0,0,-0.7890040358414437,0,-0.5609748304808925,1,1,0,1,0,1,0,0
191,1,2,0.24409432456867738,0,0,-0.539655322480331,0,-0.5609748304808925,1,0,0,1,0,0,1,0
192,0,2,-0.7775001953653405,0,0,-0.539655322480331,0,-0.5609748304808925,1,1,0,1,0,1,0,0
193,1,3,-0.7775001953653405,1,0,-0.7910362654711258,0,0.059159876663617626,0,0,0,1,1,0,0,0
194,1,2,-2.0348472968225937,1,1,0.0954164367952591,1,0.6792945838081278,0,1,0,1,0,0,0,0
195,1,1,1.187104650661617,0,0,0.1794803970538311,1,-0.5609748304808925,1,0,0,0,0,0,1,0
196,1,1,2.267637315976444,0,0,2.0316232164746784,1,-0.5609748304808925,1,0,0,0,1,0,0,0
197,0,3,-0.30599503231887076,0,0,-0.7961266098800885,0,-0.5609748304808925,1,1,1,0,0,1,0,0
198,0,3,1.0299362629794604,0,1,-0.7641678448863892,0,0.059159876663617626,0,1,0,1,0,1,0,0
199,1,3,-0.5810397107626448,0,0,-0.7961266098800885,0,-0.5609748304808925,1,0,1,0,1,0,0,0
200,0,2,-0.38457922615994905,0,0,-0.539655322480331,0,-0.5609748304808925,1,0,0,1,1,0,0,0
201,0,3,-0.07024245079563585,0,0,-0.710636180746836,0,-0.5609748304808925,1,1,0,1,0,1,0,0
202,0,3,-0.30599503231887076,8,2,2.0316232164746784,0,5.64037224096421,0,1,0,1,0,1,0,0
203,0,3,0.401262712250834,0,0,-0.8573963791480459,0,-0.5609748304808925,1,1,0,1,0,1,0,0
204,0,3,1.3049809414232345,0,0,-0.8217737386200644,0,-0.5609748304808925,1,1,0,0,0,1,0,0
205,1,3,-0.8560843892064189,0,0,-0.7814711077429595,0,-0.5609748304808925,1,1,0,1,0,1,0,0
206,0,3,-2.1134314906636718,0,1,-0.6636164447235471,1,0.059159876663617626,0,0,0,1,1,0,0,0
207,0,3,0.24409432456867738,1,0,-0.4004280521776055,0,0.059159876663617626,0,1,0,1,0,1,0,0
208,1,3,-0.22741083847779245,0,0,-0.25692626041821726,0,-0.5609748304808925,1,1,0,0,0,1,0,0
209,1,3,-1.0132527768885755,0,0,-0.7961266098800885,0,-0.5609748304808925,1,0,1,0,1,0,0,0
210,1,1,0.8727678752973038,0,0,0.33967480574740916,1,-0.5609748304808925,1,1,0,0,0,1,0,0
211,0,3,-0.38457922615994905,0,0,-0.8303227815333896,0,-0.5609748304808925,1,1,0,1,0,1,0,0
212,1,2,0.4798469060919123,0,0,-0.14884193215689093,0,-0.5609748304808925,1,0,0,1,1,0,0,0
213,0,3,-0.5417476138421057,0,0,-0.8205524467753036,0,-0.5609748304808925,1,1,0,1,0,1,0,0
214,0,2,0.08692593688652077,0,0,-0.539655322480331,0,-0.5609748304808925,1,1,0,1,0,1,0,0
215,0,3,-0.30599503231887076,1,0,-0.7961266098800885,0,0.059159876663617626,0,1,1,0,0,1,0,0
216,1,1,0.16551013072759907,1,0,2.0316232164746784,1,0.059159876663617626,0,0,0,0,1,0,0,0
217,1,3,-0.14882664463671416,0,0,-0.7875775669667633,0,-0.5609748304808925,1,0,0,1,1,0,0,0
218,0,2,1.0299362629794604,1,0,0.1442681105856891,0,0.059159876663617626,0,1,0,1,0,1,0,0
219,1,1,0.24409432456867738,0,0,2.0316232164746784,1,-0.5609748304808925,1,0,0,0,1,0,0,0
220,0,2,0.08692593688652077,0,0,-0.661784506956406,0,-0.5609748304808925,1,1,0,1,0,1,0,0
221,1,3,-1.0132527768885755,0,0,-0.7814711077429595,0,-0.5609748304808925,1,1,0,1,0,1,0,0
222,0,2,-0.14882664463671416,0,0,-0.539655322480331,0,-0.5609748304808925,1,1,0,1,0,1,0,0
223,0,3,1.7371940075491652,0,0,-0.7814711077429595,0,-0.5609748304808925,1,1,0,1,0,1,0,0
224,0,3,-0.30599503231887076,0,0,-0.7890040358414437,0,-0.5609748304808925,1,1,0,1,0,1,0,0
225,1,1,0.7155994876151472,1,0,2.0316232164746784,1,0.059159876663617626,0,1,0,1,0,1,0,0
226,0,3,-0.5417476138421057,0,0,-0.7179639318154005,0,-0.5609748304808925,1,1,0,1,0,1,0,0
227,1,2,-0.7775001953653405,0,0,-0.661784506956406,0,-0.5609748304808925,1,1,0,1,0,1,0,0
228,0,3,-0.6596239046037231,0,0,-0.8205524467753036,0,-0.5609748304808925,1,1,0,1,0,1,0,0
229,0,2,-0.8560843892064189,0,0,-0.539655322480331,0,-0.5609748304808925,1,1,0,1,0,1,0,0
230,0,3,-0.5810397107626448,3,1,0.06936383916282275,0,1.9195639980971482,0,0,0,1,1,0,0,0
231,1,1,0.4798469060919123,1,0,2.0316232164746784,1,0.059159876663617626,0,0,0,1,0,0,1,0
232,0,3,0.008341743045442463,0,0,-0.7949053180353277,0,-0.5609748304808925,1,1,0,1,0,1,0,0
233,0,2,2.267637315976444,0,0,-0.515229485585116,0,-0.5609748304808925,1,1,0,1,0,1,0,0
234,1,3,-1.877678909140437,4,2,0.35860482934120075,0,3.1598334123861687,0,0,0,1,1,0,0,0
235,0,2,-0.38457922615994905,0,0,-0.661784506956406,0,-0.5609748304808925,1,1,0,1,0,1,0,0
236,0,3,-0.5810397107626448,0,0,-0.8058969446381745,0,-0.5609748304808925,1,0,0,1,1,0,0,0
237,0,2,1.187104650661617,1,0,0.0954164367952591,0,0.059159876663617626,0,1,0,1,0,1,0,0
238,1,2,-1.641926327617202,0,2,0.1076293552428666,0,0.6792945838081278,0,0,0,1,1,0,0,0
239,0,2,-0.7775001953653405,0,0,-0.661784506956406,0,-0.5609748304808925,1,1,0,1,0,1,0,0
240,0,2,0.3226785184097557,0,0,-0.5750727859783927,0,-0.5609748304808925,1,1,0,1,0,1,0,0
241,0,3,-0.5810397107626448,1,0,-0.46861521845428766,0,0.059159876663617626,0,0,0,0,1,0,0,0
242,1,3,-0.5810397107626448,1,0,-0.417526138004256,0,0.059159876663617626,0,0,1,0,1,0,0,0
243,0,2,0.008341743045442463,0,0,-0.661784506956406,0,-0.5609748304808925,1,1,0,1,0,1,0,0
244,0,3,-0.5417476138421057,0,0,-0.8266589059991073,0,-0.5609748304808925,1,1,0,1,0,1,0,0
245,0,3,0.08692593688652077,0,0,-0.8217737386200644,0,-0.5609748304808925,1,1,0,0,0,1,0,0
246,0,1,1.187104650661617,2,0,2.0316232164746784,1,0.6792945838081278,0,1,1,0,0,0,0,1
247,0,3,-0.30599503231887076,0,0,-0.7949053180353277,0,-0.5609748304808925,1,0,0,1,1,0,0,0
248,1,2,-0.38457922615994905,0,2,-0.466377811794686,0,0.6792945838081278,0,0,0,1,0,0,1,0
249,1,1,0.637015293774069,1,1,1.3926335529610958,1,0.6792945838081278,0,1,0,1,0,1,0,0
250,0,2,1.9729465890724,1,0,0.0954164367952591,0,0.059159876663617626,0,1,0,1,0,0,0,1
251,0,3,-0.30599503231887076,0,0,-0.8205524467753036,0,-0.5609748304808925,1,1,0,1,0,1,0,0
252,0,3,0.008341743045442463,1,1,-0.6636164447235471,1,0.6792945838081278,0,0,0,1,0,0,1,0
253,0,1,2.267637315976444,0,0,0.12228485737999564,1,-0.5609748304808925,1,1,0,1,0,1,0,0
254,0,3,0.08692593688652077,1,0,-0.3882151337299979,0,0.059159876663617626,0,1,0,1,0,1,0,0
255,0,3,0.9513520691383821,0,2,-0.18731262526685463,0,0.6792945838081278,0,0,0,1,0,0,1,0
256,1,3,0.008341743045442463,0,2,-0.42994423348178334,0,0.6792945838081278,0,0,0,0,0,0,1,0
257,1,1,0.4798469060919123,0,0,2.0316232164746784,0,-0.5609748304808925,1,0,0,0,0,0,1,0
258,1,1,0.08692593688652077,0,0,2.0316232164746784,1,-0.5609748304808925,1,0,0,1,1,0,0,0
259,1,1,0.4798469060919123,0,0,2.0316232164746784,0,-0.5609748304808925,1,0,0,0,1,0,0,0
260,1,2,1.658609813708087,0,1,0.0954164367952591,0,0.059159876663617626,0,0,0,1,0,0,1,0
261,0,3,-0.30599503231887076,0,0,-0.7961266098800885,0,-0.5609748304808925,1,1,1,0,0,1,0,0
262,1,3,-2.0348472968225937,4,2,0.35860482934120075,0,3.1598334123861687,0,1,0,1,0,0,0,0
263,0,1,1.8157782013902435,1,1,2.0316232164746784,1,0.6792945838081278,0,1,0,1,0,1,0,0
264,0,1,0.8727678752973038,0,0,-1.1747270817559212,1,-0.5609748304808925,1,1,0,1,0,1,0,0
265,0,3,-0.5810397107626448,0,0,-0.7961266098800885,0,-0.5609748304808925,1,0,1,0,1,0,0,0
266,0,2,0.5584310999329906,0,0,-0.661784506956406,0,-0.5609748304808925,1,1,0,1,0,1,0,0
267,0,3,-1.0132527768885755,4,1,0.7640737218017698,0,2.5396987052416584,0,1,0,1,0,1,0,0
268,1,3,-0.30599503231887076,1,0,-0.7949053180353277,0,0.059159876663617626,0,1,0,1,0,1,0,0
269,1,1,2.267637315976444,0,1,2.0316232164746784,1,0.059159876663617626,0,0,0,1,0,0,1,0
270,1,1,0.4798469060919123,0,0,2.0316232164746784,1,-0.5609748304808925,1,0,0,1,1,0,0,0
271,0,1,0.8727678752973038,0,0,0.33967480574740916,0,-0.5609748304808925,1,1,0,1,0,1,0,0
272,1,3,-0.30599503231887076,0,0,-1.1747270817559212,0,-0.5609748304808925,1,1,0,1,0,1,0,0
273,1,2,0.9513520691383821,0,1,-0.22211944284253596,0,0.059159876663617626,0,0,0,1,0,0,1,0
274,0,1,0.637015293774069,0,1,0.2761676298198501,1,0.059159876663617626,0,1,0,0,0,1,0,0
275,1,3,-0.5810397107626448,0,0,-0.7961266098800885,0,-0.5609748304808925,1,0,1,0,1,0,0,0
276,1,1,2.267637315976444,1,0,2.0316232164746784,1,0.059159876663617626,0,0,0,1,1,0,0,0
277,0,3,1.2656888445026953,0,0,-0.7961266098800885,0,-0.5609748304808925,1,0,0,1,1,0,0,0
278,0,2,0.08692593688652077,0,0,-1.1747270817559212,0,-0.5609748304808925,1,1,0,1,0,1,0,0
279,0,3,-1.7205105214582803,4,1,0.24807791739035287,0,2.5396987052416584,0,1,1,0,0,0,0,0
280,1,3,0.4798469060919123,1,1,-0.18548068749971344,0,0.6792945838081278,0,0,0,1,0,0,1,0
281,0,3,2.267637315976444,0,0,-0.7961266098800885,0,-0.5609748304808925,1,1,1,0,0,1,0,0
282,0,3,-0.07024245079563585,0,0,-0.7910362654711258,0,-0.5609748304808925,1,1,0,1,0,1,0,0
283,0,3,-1.0132527768885755,0,0,-0.710636180746836,0,-0.5609748304808925,1,1,0,1,0,1,0,0
284,1,3,-0.7775001953653405,0,0,-0.7814711077429595,0,-0.5609748304808925,1,1,0,1,0,1,0,0
285,0,1,0.8727678752973038,0,0,0.0954164367952591,1,-0.5609748304808925,1,1,0,1,0,1,0,0
286,0,3,0.3226785184097557,0,0,-0.7515494575463212,0,-0.5609748304808925,1,1,0,0,0,1,0,0
287,1,3,0.08692593688652077,0,0,-0.710636180746836,0,-0.5609748304808925,1,1,0,1,0,1,0,0
288,0,3,-0.5417476138421057,0,0,-0.7890040358414437,0,-0.5609748304808925,1,1,0,1,0,1,0,0
289,1,2,1.0299362629794604,0,0,-0.539655322480331,0,-0.5609748304808925,1,1,0,1,0,1,0,0
290,1,3,-0.5417476138421057,0,0,-0.7961266098800885,0,-0.5609748304808925,1,0,1,0,1,0,0,0
291,1,1,-0.22741083847779245,0,0,2.0316232164746784,0,-0.5609748304808925,1,0,0,1,1,0,0,0
292,1,1,-0.7775001953653405,1,0,2.0316232164746784,1,0.059159876663617626,0,0,0,0,0,0,1,0
293,0,2,0.5584310999329906,0,0,-0.5457617817041348,1,-0.5609748304808925,1,1,0,0,0,1,0,0
294,0,3,-0.38457922615994905,0,0,-0.7423897687106156,0,-0.5609748304808925,1,0,0,1,1,0,0,0
295,0,3,-0.38457922615994905,0,0,-0.7890040358414437,0,-0.5609748304808925,1,1,0,1,0,1,0,0
296,0,1,0.8727678752973038,0,0,0.1794803970538311,0,-0.5609748304808925,1,1,0,0,0,1,0,0
297,0,3,-0.4238713230804882,0,0,-0.8215685615901446,0,-0.5609748304808925,1,1,0,0,0,1,0,0
298,0,1,-2.1134314906636718,1,2,2.0316232164746784,1,1.299429290952638,0,0,0,1,1,0,0,0
299,1,1,0.8727678752973038,0,0,0.3152489688521941,1,-0.5609748304808925,1,1,0,1,0,1,0,0
300,1,1,1.658609813708087,0,1,2.0316232164746784,1,0.059159876663617626,0,0,0,0,0,0,1,0
301,1,3,-0.5810397107626448,0,0,-0.7961266098800885,0,-0.5609748304808925,1,0,1,0,1,0,0,0
302,1,3,-0.30599503231887076,2,0,-0.03892566612842342,0,0.6792945838081278,0,1,1,0,0,1,0,0
303,0,3,-0.7775001953653405,0,0,-1.1747270817559212,0,-0.5609748304808925,1,1,0,1,0,1,0,0
304,1,2,-0.07024245079563585,0,0,-0.5714089104441106,1,-0.5609748304808925,1,0,1,0,1,0,0,0
305,0,3,-0.30599503231887076,0,0,-0.7814711077429595,0,-0.5609748304808925,1,1,0,1,0,1,0,0
306,1,1,-2.1983024200120362,1,2,2.0316232164746784,1,1.299429290952638,0,1,0,1,0,0,0,0
307,1,1,0.4798469060919123,0,0,2.0316232164746784,0,-0.5609748304808925,1,0,0,0,1,0,0,0
308,1,1,-0.9346685830474972,1,0,2.0316232164746784,1,0.059159876663617626,0,0,0,0,0,0,1,0
309,0,2,0.08692593688652077,1,0,-0.002286910785600916,0,0.059159876663617626,0,1,0,0,0,1,0,0
310,1,1,0.08692593688652077,0,0,1.6063596257942268,1,-0.5609748304808925,1,0,0,0,1,0,0,0
311,1,1,-0.38457922615994905,0,0,2.0316232164746784,1,-0.5609748304808925,1,0,0,0,1,0,0,0
312,1,1,-0.8560843892064189,2,2,2.0316232164746784,1,1.9195639980971482,0,0,0,0,1,0,0,0
313,0,2,-0.22741083847779245,1,1,0.0954164367952591,0,0.6792945838081278,0,0,0,1,0,0,1,0
314,0,3,-0.07024245079563585,0,0,-0.7890040358414437,0,-0.5609748304808925,1,1,0,1,0,1,0,0
315,0,2,1.1085204568205387,1,1,0.1076293552428666,0,0.6792945838081278,0,1,0,1,0,1,0,0
316,1,3,-0.22741083847779245,0,0,-0.7910362654711258,0,-0.5609748304808925,1,0,0,1,1,0,0,0
317,1,2,-0.38457922615994905,1,0,0.0954164367952591,0,0.059159876663617626,0,0,0,1,0,0,1,0
318,0,2,1.9729465890724,0,0,-0.490803648689901,0,-0.5609748304808925,1,1,0,1,0,0,0,1
319,1,1,0.16551013072759907,0,2,2.0316232164746784,1,0.6792945838081278,0,0,0,1,1,0,0,0
320,1,1,0.8727678752973038,1,1,2.0316232164746784,1,0.6792945838081278,0,0,0,0,0,0,1,0
321,0,3,-0.5417476138421057,0,0,-0.8205524467753036,0,-0.5609748304808925,1,1,0,1,0,1,0,0
322,0,3,-0.14882664463671416,0,0,-0.7890040358414437,0,-0.5609748304808925,1,1,0,1,0,1,0,0
323,1,2,0.08692593688652077,0,0,-0.5714089104441106,0,-0.5609748304808925,1,0,1,0,1,0,0,0
324,1,2,-0.5417476138421057,1,1,0.24197145816654914,0,0.6792945838081278,0,0,0,1,0,0,1,0
325,0,3,-0.30599503231887076,8,2,2.0316232164746784,0,5.64037224096421,0,1,0,1,0,1,0,0
326,1,1,0.5584310999329906,0,0,2.0316232164746784,1,-0.5609748304808925,1,0,0,0,1,0,0,0
327,0,3,2.267637315976444,0,0,-0.8700147664881139,0,-0.5609748304808925,1,1,0,1,0,1,0,0
328,1,2,0.5584310999329906,0,0,-0.539655322480331,1,-0.5609748304808925,1,0,0,1,0,0,1,0
329,1,3,0.16551013072759907,1,1,-0.17204647720734526,0,0.6792945838081278,0,0,0,1,0,0,1,0
330,1,1,-1.0132527768885755,0,1,1.6576538832741783,1,0.059159876663617626,0,0,0,0,1,0,0,0
331,1,3,-0.5810397107626448,2,0,-0.03892566612842342,0,0.6792945838081278,0,0,1,0,1,0,0,0
332,0,1,1.3049809414232345,0,0,0.21754562127133412,1,-0.5609748304808925,1,1,0,1,0,1,0,0
333,0,1,0.7155994876151472,0,1,2.0316232164746784,1,0.059159876663617626,0,1,0,1,0,1,0,0
334,0,3,-1.0132527768885755,2,0,-0.29539695352818096,0,0.6792945838081278,0,1,0,1,0,1,0,0
335,1,1,0.4798469060919123,1,0,2.0316232164746784,0,0.059159876663617626,0,0,0,1,0,0,1,0
336,0,3,-0.30599503231887076,0,0,-0.7890040358414437,0,-0.5609748304808925,1,1,0,1,0,1,0,0
337,0,1,0.008341743045442463,1,0,2.0316232164746784,1,0.059159876663617626,0,1,0,1,0,1,0,0
338,1,1,0.9513520691383821,0,0,2.0316232164746784,1,-0.5609748304808925,1,0,0,0,1,0,0,0
339,1,3,1.2656888445026953,0,0,-0.7814711077429595,0,-0.5609748304808925,1,1,0,1,0,1,0,0
340,0,1,1.2656888445026953,0,0,0.5595073378043441,1,-0.5609748304808925,1,1,0,1,0,1,0,0
341,1,2,-2.1134314906636718,1,1,0.0954164367952591,1,0.6792945838081278,0,1,0,1,0,0,0,0
342,1,1,-0.38457922615994905,3,2,2.0316232164746784,1,2.5396987052416584,0,0,0,1,1,0,0,0
343,0,2,-0.07024245079563585,0,0,-0.539655322480331,0,-0.5609748304808925,1,1,0,1,0,1,0,0
344,0,2,-0.30599503231887076,0,0,-0.539655322480331,0,-0.5609748304808925,1,1,0,1,0,1,0,0
345,0,2,0.5584310999329906,0,0,-0.539655322480331,0,-0.5609748304808925,1,1,0,1,0,1,0,0
346,1,2,-0.38457922615994905,0,0,-0.539655322480331,1,-0.5609748304808925,1,0,0,1,1,0,0,0
347,1,2,0.8727678752973038,0,0,-0.539655322480331,0,-0.5609748304808925,1,0,0,1,1,0,0,0
348,1,3,-0.5810397107626448,1,0,-0.3882151337299979,0,0.059159876663617626,0,0,0,1,0,0,1,0
349,1,3,-2.0348472968225937,1,1,-0.39798546848808397,0,0.6792945838081278,0,1,0,1,0,0,0,0
350,0,3,1.0299362629794604,0,0,-0.7515494575463212,0,-0.5609748304808925,1,1,0,1,0,1,0,0
351,0,3,-0.4631634200010274,0,0,-0.7240703910392043,0,-0.5609748304808925,1,1,0,1,0,1,0,0
352,0,1,0.8727678752973038,0,0,0.5350815009091292,1,-0.5609748304808925,1,1,0,1,0,1,0,0
353,0,3,-1.0918369707296538,1,1,-0.8215685615901446,0,0.6792945838081278,0,1,0,0,0,1,0,0
354,0,3,-0.30599503231887076,1,0,-0.30516728828626694,0,0.059159876663617626,0,1,0,1,0,1,0,0
355,0,3,-0.30599503231887076,0,0,-0.8217737386200644,0,-0.5609748304808925,1,1,0,0,0,1,0,0
356,0,3,-0.07024245079563585,0,0,-0.710636180746836,0,-0.5609748304808925,1,1,0,1,0,1,0,0
357,1,1,-0.5417476138421057,0,1,1.5121149767177293,1,0.059159876663617626,0,0,0,1,1,0,0,0
358,0,2,0.7155994876151472,0,0,-0.539655322480331,0,-0.5609748304808925,1,0,0,1,1,0,0,0
359,1,3,-0.5810397107626448,0,0,-0.789814973626365,0,-0.5609748304808925,1,0,1,0,1,0,0,0
360,1,3,-0.5810397107626448,0,0,-0.789814973626365,0,-0.5609748304808925,1,0,1,0,1,0,0,0
361,0,3,0.8727678752973038,1,4,0.18823461699707605,0,2.5396987052416584,0,1,0,1,0,1,0,0
362,0,2,0.008341743045442463,1,0,0.1794803970538311,0,0.059159876663617626,0,1,0,0,0,1,0,0
363,0,3,1.2656888445026953,0,1,-0.46861521845428766,0,0.059159876663617626,0,0,0,0,0,0,1,0
364,0,3,0.4798469060919123,0,0,-0.8303227815333896,0,-0.5609748304808925,1,1,0,1,0,1,0,0
365,0,3,-0.30599503231887076,1,0,-0.417526138004256,0,0.059159876663617626,0,1,1,0,0,1,0,0
366,0,3,0.08692593688652077,0,0,-0.8205524467753036,0,-0.5609748304808925,1,1,0,1,0,1,0,0
367,1,1,2.267637315976444,1,0,2.0316232164746784,1,0.059159876663617626,0,0,0,0,0,0,1,0
368,1,3,-0.5810397107626448,0,0,-0.8215685615901446,0,-0.5609748304808925,1,0,0,0,0,0,1,0
369,1,3,-0.5810397107626448,0,0,-0.7961266098800885,0,-0.5609748304808925,1,0,1,0,1,0,0,0
370,1,1,-0.38457922615994905,0,0,2.0316232164746784,1,-0.5609748304808925,1,0,0,0,0,0,1,0
371,1,1,-0.30599503231887076,1,0,1.533692761030962,1,0.059159876663617626,0,1,0,0,0,1,0,0
372,0,3,-0.8560843892064189,1,0,-0.8573963791480459,0,0.059159876663617626,0,1,0,1,0,1,0,0
373,0,3,-0.7775001953653405,0,0,-0.7814711077429595,0,-0.5609748304808925,1,1,0,1,0,1,0,0
374,0,1,-0.5417476138421057,0,0,2.0316232164746784,0,-0.5609748304808925,1,1,0,0,0,1,0,0
375,0,3,-2.0348472968225937,3,1,-0.14517805662260871,0,1.9195639980971482,0,0,0,1,1,0,0,0
376,1,1,0.4798469060919123,1,0,2.0316232164746784,0,0.059159876663617626,0,0,0,0,0,0,1,0
377,1,3,-0.5417476138421057,0,0,-0.8205524467753036,0,-0.5609748304808925,1,0,0,1,1,0,0,0
378,0,1,-0.14882664463671416,0,2,2.0316232164746784,1,0.6792945838081278,0,1,0,0,0,1,0,0
379,0,3,-0.6989160015242623,0,0,-0.9787097406718207,0,-0.5609748304808925,1,1,0,0,0,1,0,0
380,0,3,-0.7775001953653405,0,0,-0.7949053180353277,0,-0.5609748304808925,1,1,0,1,0,1,0,0
381,1,1,1.0299362629794604,0,0,2.0316232164746784,0,-0.5609748304808925,1,0,0,0,1,0,0,0
382,1,3,-2.1920156845047503,0,2,-0.4057186884491091,0,0.6792945838081278,0,0,0,0,1,0,0,0
383,0,3,0.24409432456867738,0,0,-0.7875775669667633,0,-0.5609748304808925,1,1,0,1,0,1,0,0
384,1,1,0.4798469060919123,1,0,1.3655599553464393,0,0.059159876663617626,0,0,0,1,0,0,1,0
385,0,3,-0.30599503231887076,0,0,-0.7890040358414437,0,-0.5609748304808925,1,1,0,1,0,1,0,0
386,0,2,-0.8560843892064189,0,0,2.0316232164746784,0,-0.5609748304808925,1,1,0,1,0,1,0,0
387,0,3,-2.1920156845047503,5,2,1.1164164190152461,0,3.779968119530679,0,1,0,1,0,0,0,0
388,1,2,0.5584310999329906,0,0,-0.539655322480331,0,-0.5609748304808925,1,0,0,1,1,0,0,0
389,0,3,-0.30599503231887076,0,0,-0.7971427246949295,0,-0.5609748304808925,1,1,1,0,0,1,0,0
390,1,2,-0.9346685830474972,0,0,-0.588506996270761,0,-0.5609748304808925,1,0,0,0,1,0,0,0
391,1,1,0.5584310999329906,1,2,2.0316232164746784,1,1.299429290952638,0,1,0,1,0,1,0,0
392,1,3,-0.620331807683184,0,0,-0.7938892032204868,0,-0.5609748304808925,1,1,0,1,0,1,0,0
393,0,3,-0.07024245079563585,2,0,-0.7875775669667633,0,0.6792945838081278,0,1,0,1,0,1,0,0
394,1,1,-0.4631634200010274,1,0,2.0316232164746784,1,0.059159876663617626,0,0,0,0,1,0,0,0
395,1,3,-0.38457922615994905,0,2,-0.35890412945574,1,0.6792945838081278,0,0,0,1,0,0,1,0
396,0,3,-0.5417476138421057,0,0,-0.7938892032204868,0,-0.5609748304808925,1,1,0,1,0,1,0,0
397,0,3,0.16551013072759907,0,0,-0.7910362654711258,0,-0.5609748304808925,1,0,0,1,1,0,0,0
398,0,2,1.3442730383437738,0,0,0.0954164367952591,0,-0.5609748304808925,1,1,0,1,0,1,0,0
399,0,2,-0.4631634200010274,0,0,-0.661784506956406,0,-0.5609748304808925,1,1,0,1,0,0,0,1
400,1,2,-0.07024245079563585,0,0,-0.5567534083069815,0,-0.5609748304808925,1,0,0,1,0,0,1,0
401,1,3,0.7941836814562255,0,0,-0.7875775669667633,0,-0.5609748304808925,1,1,0,1,0,1,0,0
402,0,3,-0.22741083847779245,0,0,-0.7814711077429595,0,-0.5609748304808925,1,1,0,1,0,1,0,0
403,0,3,-0.620331807683184,1,0,-0.6947593867649463,0,0.059159876663617626,0,0,0,1,1,0,0,0
404,0,3,-0.07024245079563585,1,0,-0.4004280521776055,0,0.059159876663617626,0,1,0,1,0,1,0,0
405,0,3,-0.6989160015242623,0,0,-0.7515494575463212,0,-0.5609748304808925,1,0,0,1,1,0,0,0
406,0,2,0.401262712250834,1,0,-0.14884193215689093,0,0.059159876663617626,0,1,0,1,0,1,0,0
407,0,3,1.7371940075491652,0,0,-0.7961266098800885,0,-0.5609748304808925,1,1,0,1,0,1,0,0
408,1,2,-2.0348472968225937,1,1,-0.25875819818535845,0,0.6792945838081278,0,1,0,1,0,0,0,0
409,0,3,-0.620331807683184,0,0,-0.7949053180353277,0,-0.5609748304808925,1,1,0,1,0,1,0,0
410,0,3,-0.5810397107626448,3,1,0.06936383916282275,0,1.9195639980971482,0,0,0,1,1,0,0,0
411,0,3,-0.30599503231887076,0,0,-0.7890040358414437,0,-0.5609748304808925,1,1,0,1,0,1,0,0
412,0,3,-0.30599503231887076,0,0,-0.839687647399015,0,-0.5609748304808925,1,1,1,0,0,1,0,0
413,1,1,0.3226785184097557,1,0,2.0316232164746784,1,0.059159876663617626,0,0,1,0,1,0,0,0
414,0,2,0.08692593688652077,0,0,-1.1747270817559212,0,-0.5609748304808925,1,1,0,1,0,1,0,0
415,1,3,1.187104650661617,0,0,-0.7875775669667633,0,-0.5609748304808925,1,1,0,1,0,1,0,0
416,0,3,-0.5810397107626448,0,0,-0.7814711077429595,0,-0.5609748304808925,1,0,0,1,0,0,1,0
417,1,2,0.401262712250834,1,1,0.41295231643305413,0,0.6792945838081278,0,0,0,1,0,0,1,0
418,1,2,-0.8560843892064189,0,2,-0.539655322480331,0,0.6792945838081278,0,0,0,1,1,0,0,0
419,0,2,0.08692593688652077,0,0,-0.539655322480331,0,-0.5609748304808925,1,1,0,1,0,1,0,0
420,0,3,-1.4847579399350452,0,2,0.005040840282963516,0,0.6792945838081278,0,0,0,1,1,0,0,0
421,0,3,-0.30599503231887076,0,0,-0.7890040358414437,0,-0.5609748304808925,1,1,0,0,0,1,0,0
422,0,3,-0.620331807683184,0,0,-0.7969424328323887,0,-0.5609748304808925,1,1,1,0,0,1,0,0
423,0,3,0.008341743045442463,0,0,-0.7900201506562848,0,-0.5609748304808925,1,1,0,1,0,1,0,0
424,0,3,-0.07024245079563585,1,1,-0.471262979173729,0,0.6792945838081278,0,0,0,1,0,0,1,0
425,0,3,-0.8560843892064189,1,1,-0.18731262526685463,0,0.6792945838081278,0,1,0,1,0,1,0,0
426,0,3,-0.30599503231887076,0,0,-0.8205524467753036,0,-0.5609748304808925,1,1,0,1,0,1,0,0
427,1,2,-0.07024245079563585,1,0,0.0954164367952591,0,0.059159876663617626,0,0,0,1,0,0,1,0
428,1,2,-0.7775001953653405,0,0,0.0954164367952591,0,-0.5609748304808925,1,0,0,1,1,0,0,0
429,0,3,-0.30599503231887076,0,0,-0.7961266098800885,0,-0.5609748304808925,1,1,1,0,0,1,0,0
430,1,3,0.24409432456867738,0,0,-0.7814711077429595,1,-0.5609748304808925,1,1,0,1,0,1,0,0
431,1,1,-0.07024245079563585,0,0,0.12228485737999564,1,-0.5609748304808925,1,1,0,1,0,1,0,0
432,1,3,-0.5810397107626448,1,0,-0.3882151337299979,0,0.059159876663617626,0,0,0,1,0,0,1,0
433,1,2,1.0299362629794604,1,0,0.0954164367952591,0,0.059159876663617626,0,0,0,1,0,0,1,0
434,0,3,-0.9346685830474972,0,0,-0.8266589059991073,0,-0.5609748304808925,1,1,0,1,0,1,0,0
435,0,1,1.658609813708087,1,0,1.5560814831291163,1,0.059159876663617626,0,1,0,1,0,1,0,0
436,1,1,-1.170421164570732,1,2,2.0316232164746784,1,1.299429290952638,0,0,0,1,1,0,0,0
437,0,3,-0.620331807683184,2,2,0.5045492047901105,0,1.9195639980971482,0,0,0,1,1,0,0,0
438,1,2,-0.38457922615994905,2,3,-0.25875819818535845,0,2.5396987052416584,0,0,0,1,0,0,1,0
439,0,1,2.267637315976444,1,4,2.0316232164746784,1,2.5396987052416584,0,1,0,1,0,1,0,0
440,0,2,0.16551013072759907,0,0,-0.661784506956406,0,-0.5609748304808925,1,1,0,1,0,1,0,0
441,1,2,1.2656888445026953,1,1,0.1076293552428666,0,0.6792945838081278,0,0,0,1,0,0,1,0
442,0,3,-0.6989160015242623,0,0,-0.710636180746836,0,-0.5609748304808925,1,1,0,1,0,1,0,0
443,0,3,-0.30599503231887076,1,0,-0.7949053180353277,0,0.059159876663617626,0,1,0,1,0,1,0,0
444,1,2,-0.07024245079563585,0,0,-0.539655322480331,0,-0.5609748304808925,1,0,0,1,1,0,0,0
445,1,3,-0.30599503231887076,0,0,-0.7784178781310577,0,-0.5609748304808925,1,1,0,1,0,1,0,0
446,1,1,-1.9562631029815152,0,2,2.0316232164746784,1,0.6792945838081278,0,1,0,1,0,0,0,0
447,1,2,-1.2490053584118104,0,1,-0.22211944284253596,0,0.059159876663617626,0,0,0,1,1,0,0,0
448,1,1,0.401262712250834,0,0,0.12228485737999564,0,-0.5609748304808925,1,1,0,1,0,1,0,0
449,1,3,-1.877678909140437,2,1,-0.23392689239768297,0,1.299429290952638,0,0,0,0,1,0,0,0
450,1,1,1.8157782013902435,0,0,0.3152489688521941,1,-0.5609748304808925,1,1,0,1,0,0,0,1
451,0,2,0.5584310999329906,1,2,0.18090686592851163,0,1.299429290952638,0,1,0,1,0,1,0,0
452,0,3,-0.30599503231887076,1,0,-0.19932036668454228,0,0.059159876663617626,0,1,0,1,0,1,0,0
453,0,1,0.08692593688652077,0,0,0.18090686592851163,1,-0.5609748304808925,1,1,0,0,0,1,0,0
454,1,1,1.5800256198670086,1,0,2.0316232164746784,1,0.059159876663617626,0,1,0,0,0,1,0,0
455,0,3,-0.30599503231887076,0,0,-0.7814711077429595,0,-0.5609748304808925,1,1,0,1,0,1,0,0
456,1,3,0.008341743045442463,0,0,-0.7890040358414437,0,-0.5609748304808925,1,1,0,0,0,1,0,0
457,0,1,2.267637315976444,0,0,0.12228485737999564,1,-0.5609748304808925,1,1,0,1,0,1,0,0
458,1,1,0.4798469060919123,1,0,1.358842850200255,1,0.059159876663617626,0,0,0,1,0,0,1,0
459,1,2,1.658609813708087,0,0,-0.661784506956406,0,-0.5609748304808925,1,0,0,1,1,0,0,0
460,0,3,-0.30599503231887076,0,0,-0.7961266098800885,0,-0.5609748304808925,1,1,1,0,0,1,0,0
461,1,1,1.5014414260259303,0,0,0.12228485737999564,1,-0.5609748304808925,1,1,0,1,0,1,0,0
462,0,3,0.401262712250834,0,0,-0.7814711077429595,0,-0.5609748304808925,1,1,0,1,0,1,0,0
463,0,1,1.422857232184852,0,0,0.7060623591756342,1,-0.5609748304808925,1,1,0,1,0,1,0,0
464,0,2,1.5014414260259303,0,0,-0.539655322480331,0,-0.5609748304808925,1,1,0,1,0,1,0,0
465,0,3,-0.30599503231887076,0,0,-0.7814711077429595,0,-0.5609748304808925,1,1,0,1,0,1,0,0
466,0,3,0.7155994876151472,0,0,-0.8303227815333896,0,-0.5609748304808925,1,1,0,1,0,1,0,0
467,0,2,0.08692593688652077,0,0,-1.1747270817559212,0,-0.5609748304808925,1,1,0,1,0,1,0,0
468,0,1,2.1301149767545566,0,0,0.12228485737999564,0,-0.5609748304808925,1,1,0,1,0,1,0,0
469,0,3,-0.30599503231887076,0,0,-0.7973479017248494,0,-0.5609748304808925,1,1,1,0,0,1,0,0
470,1,3,-2.2116617329650197,2,1,-0.23392689239768297,0,1.299429290952638,0,0,0,0,1,0,0,0
471,0,3,-0.30599503231887076,0,0,-0.8205524467753036,0,-0.5609748304808925,1,1,0,1,0,1,0,0
472,0,3,0.7155994876151472,0,0,-0.7515494575463212,0,-0.5609748304808925,1,1,0,1,0,1,0,0
473,1,2,0.3226785184097557,1,2,0.18090686592851163,0,1.299429290952638,0,0,0,1,0,0,1,0
474,1,2,-0.4631634200010274,0,0,-0.5009794523404475,1,-0.5609748304808925,1,0,0,0,0,0,1,0
475,0,3,-0.5417476138421057,0,0,-0.6941487408425658,0,-0.5609748304808925,1,0,0,1,1,0,0,0
476,0,1,0.8727678752973038,0,0,1.3655599553464393,1,-0.5609748304808925,1,1,0,1,0,1,0,0
477,0,2,0.401262712250834,1,0,-0.14884193215689093,0,0.059159876663617626,0,1,0,1,0,1,0,0
478,0,3,0.008341743045442463,1,0,-0.8305279585633094,0,0.059159876663617626,0,1,0,1,0,1,0,0
479,0,3,-0.5417476138421057,0,0,-0.8073234135128551,0,-0.5609748304808925,1,1,0,1,0,1,0,0
480,1,3,-2.1134314906636718,0,1,-0.5744621400560124,0,0.059159876663617626,0,0,0,1,1,0,0,0
481,0,3,-1.5633421337761237,5,2,1.1164164190152461,0,3.779968119530679,0,1,0,1,0,0,0,0
482,0,2,0.08692593688652077,0,0,-1.1747270817559212,0,-0.5609748304808925,1,1,0,1,0,1,0,0
483,0,3,1.658609813708087,0,0,-0.7814711077429595,0,-0.5609748304808925,1,1,0,1,0,1,0,0
484,1,3,2.267637315976444,0,0,-0.7063616592901734,0,-0.5609748304808925,1,0,0,1,0,0,1,0
485,1,1,-0.30599503231887076,1,0,2.0316232164746784,1,0.059159876663617626,0,1,0,0,0,1,0,0
486,0,3,-0.5810397107626448,3,1,0.06936383916282275,0,1.9195639980971482,0,0,0,1,1,0,0,0
487,1,1,0.4798469060919123,1,0,2.0316232164746784,1,0.059159876663617626,0,0,0,1,0,0,1,0
488,0,1,2.267637315976444,0,0,0.2761676298198501,1,-0.5609748304808925,1,1,0,0,0,1,0,0
489,0,3,0.08692593688652077,0,0,-0.7814711077429595,0,-0.5609748304808925,1,1,0,1,0,1,0,0
490,1,3,-1.5633421337761237,1,1,-0.39798546848808397,0,0.6792945838081278,0,1,0,1,0,0,0,0
491,0,3,-0.30599503231887076,1,0,-0.19932036668454228,0,0.059159876663617626,0,1,0,1,0,1,0,0
492,0,3,-0.620331807683184,0,0,-0.8205524467753036,0,-0.5609748304808925,1,1,0,1,0,1,0,0
493,0,1,2.0515307829134786,0,0,0.3152489688521941,1,-0.5609748304808925,1,1,0,1,0,1,0,0
494,0,1,2.267637315976444,0,0,1.2436359479002839,0,-0.5609748304808925,1,1,0,0,0,1,0,0
495,0,3,-0.620331807683184,0,0,-0.7814711077429595,0,-0.5609748304808925,1,1,0,1,0,1,0,0
496,0,3,-0.30599503231887076,0,0,-0.46841492659174694,0,-0.5609748304808925,1,1,0,0,0,1,0,0
497,1,1,1.9729465890724,1,0,2.0316232164746784,1,0.059159876663617626,0,0,0,0,1,0,0,0
498,0,3,-0.30599503231887076,0,0,-0.437066807520428,0,-0.5609748304808925,1,1,0,1,0,1,0,0
499,0,1,-0.30599503231887076,1,2,2.0316232164746784,1,1.299429290952638,0,0,0,1,0,0,1,0
500,0,3,-0.38457922615994905,0,0,-0.7938892032204868,0,-0.5609748304808925,1,1,0,1,0,1,0,0
501,0,3,-0.9346685830474972,0,0,-0.7515494575463212,0,-0.5609748304808925,1,1,0,1,0,1,0,0
502,0,3,-0.620331807683184,0,0,-0.7961266098800885,0,-0.5609748304808925,1,0,1,0,1,0,0,0
503,0,3,-0.5810397107626448,0,0,-0.8020278920739724,0,-0.5609748304808925,1,0,1,0,1,0,0,0
504,0,3,0.637015293774069,0,0,-0.7063616592901734,0,-0.5609748304808925,1,0,0,1,1,0,0,0
505,1,1,-1.0132527768885755,0,0,2.0316232164746784,1,-0.5609748304808925,1,0,0,1,1,0,0,0
506,0,1,-0.8560843892064189,1,0,2.0316232164746784,1,0.059159876663617626,0,1,0,0,0,1,0,0
507,1,2,0.3226785184097557,0,2,0.0954164367952591,0,0.6792945838081278,0,0,0,1,0,0,1,0
508,1,1,0.8727678752973038,0,0,0.12228485737999564,0,-0.5609748304808925,1,1,0,1,0,1,0,0
509,0,3,-0.07024245079563585,0,0,-0.07434312962648525,0,-0.5609748304808925,1,1,0,1,0,1,0,0
510,1,3,-0.22741083847779245,0,0,1.5851873103734548,0,-0.5609748304808925,1,1,0,1,0,1,0,0
511,1,3,0.008341743045442463,0,0,-0.7961266098800885,0,-0.5609748304808925,1,1,1,0,0,1,0,0
512,0,3,-0.30599503231887076,0,0,-0.7814711077429595,0,-0.5609748304808925,1,1,0,1,0,1,0,0
513,1,1,0.5584310999329906,0,0,0.1094612930100078,1,-0.5609748304808925,1,1,0,1,0,1,0,0
514,1,1,1.9729465890724,1,0,1.7270623413956212,0,0.059159876663617626,0,0,0,0,0,0,1,0
515,0,3,-0.38457922615994905,0,0,-0.8085447053576159,0,-0.5609748304808925,1,1,0,1,0,1,0,0
516,0,1,1.422857232184852,0,0,0.48724594193354015,1,-0.5609748304808925,1,1,0,1,0,1,0,0
517,1,2,0.401262712250834,0,0,-0.661784506956406,1,-0.5609748304808925,1,0,0,1,0,0,1,0
518,0,3,-0.30599503231887076,0,0,0.005040840282963516,0,-0.5609748304808925,1,1,1,0,0,1,0,0
519,1,2,0.5584310999329906,1,0,0.0954164367952591,0,0.059159876663617626,0,0,0,1,0,0,1,0
520,0,3,0.24409432456867738,0,0,-0.7890040358414437,0,-0.5609748304808925,1,1,0,1,0,1,0,0
521,1,1,0.08692593688652077,0,0,2.0316232164746784,1,-0.5609748304808925,1,0,0,1,1,0,0,0
522,0,3,-0.5417476138421057,0,0,-0.7890040358414437,0,-0.5609748304808925,1,1,0,1,0,1,0,0
523,0,3,-0.30599503231887076,0,0,-0.8217737386200644,0,-0.5609748304808925,1,1,0,0,0,1,0,0
524,1,1,1.187104650661617,0,1,1.6576538832741783,1,0.059159876663617626,0,0,0,0,0,0,1,0
525,0,3,-0.30599503231887076,0,0,-0.8215685615901446,0,-0.5609748304808925,1,1,0,0,0,1,0,0
526,0,3,0.912059972217843,0,0,-0.7961266098800885,0,-0.5609748304808925,1,1,1,0,0,1,0,0
527,1,2,1.658609813708087,0,0,-0.661784506956406,0,-0.5609748304808925,1,0,0,1,1,0,0,0
528,0,1,0.8727678752973038,0,0,2.0316232164746784,1,-0.5609748304808925,1,1,0,1,0,1,0,0
529,0,3,0.7941836814562255,0,0,-0.7875775669667633,0,-0.5609748304808925,1,1,0,1,0,1,0,0
530,0,2,-0.4631634200010274,2,1,-0.612932833165976,0,1.299429290952638,0,1,0,1,0,1,0,0
531,1,2,-2.1134314906636718,1,1,0.0954164367952591,0,0.6792945838081278,0,0,0,1,1,0,0,0
532,0,3,-0.30599503231887076,0,0,-0.8215685615901446,0,-0.5609748304808925,1,1,0,0,0,1,0,0
533,0,3,-0.9346685830474972,1,1,-0.8215685615901446,0,0.6792945838081278,0,1,0,0,0,1,0,0
534,1,3,-0.5810397107626448,0,2,-0.08248670364734986,0,0.6792945838081278,0,0,0,0,0,0,1,0
535,0,3,0.08692593688652077,0,0,-0.7515494575463212,0,-0.5609748304808925,1,0,0,1,1,0,0,0
536,1,2,-1.7205105214582803,0,2,0.1076293552428666,0,0.6792945838081278,0,0,0,1,1,0,0,0
537,0,1,1.2656888445026953,0,0,0.12228485737999564,1,-0.5609748304808925,1,1,0,1,0,0,0,1
538,1,1,0.08692593688652077,0,0,2.0316232164746784,0,-0.5609748304808925,1,0,0,0,1,0,0,0
539,0,3,-0.30599503231887076,0,0,-0.466377811794686,0,-0.5609748304808925,1,1,0,1,0,1,0,0
540,1,1,-0.5417476138421057,0,2,1.2434307708703642,1,0.6792945838081278,0,0,0,0,1,0,0,0
541,1,1,0.5584310999329906,0,2,2.0316232164746784,1,0.6792945838081278,0,0,0,1,1,0,0,0
542,0,3,-1.5633421337761237,4,2,0.35310901603977735,0,3.1598334123861687,0,0,0,1,1,0,0,0
543,0,3,-1.406173746093967,4,2,0.35310901603977735,0,3.1598334123861687,0,0,0,1,1,0,0,0
544,1,2,0.24409432456867738,1,0,0.0954164367952591,0,0.059159876663617626,0,1,0,1,0,1,0,0
545,0,1,1.658609813708087,1,0,2.0316232164746784,1,0.059159876663617626,0,1,0,0,0,1,0,0
546,0,1,2.267637315976444,0,0,0.0954164367952591,0,-0.5609748304808925,1,1,0,1,0,1,0,0
547,1,2,-0.7775001953653405,1,0,0.0954164367952591,0,0.059159876663617626,0,0,0,1,0,0,1,0
548,1,2,0.08692593688652077,0,0,-0.4975207538360851,0,-0.5609748304808925,1,1,0,0,0,1,0,0
549,0,3,0.3226785184097557,1,1,-0.17204647720734526,0,0.6792945838081278,0,1,0,1,0,1,0,0
550,1,2,-1.641926327617202,1,1,0.6205719300423816,0,0.6792945838081278,0,1,0,1,0,0,0,0
551,1,1,-0.9346685830474972,0,2,2.0316232164746784,1,0.6792945838081278,0,1,0,0,0,1,0,0
552,0,2,-0.14882664463671416,0,0,0.0954164367952591,0,-0.5609748304808925,1,1,0,1,0,1,0,0
553,0,3,-0.30599503231887076,0,0,-0.7922575573158865,0,-0.5609748304808925,1,1,1,0,0,1,0,0
554,1,3,-0.5417476138421057,0,0,-0.8217737386200644,0,-0.5609748304808925,1,1,0,0,0,1,0,0
555,1,3,-0.5417476138421057,0,0,-0.7949053180353277,0,-0.5609748304808925,1,0,0,1,1,0,0,0
556,0,1,2.267637315976444,0,0,0.12228485737999564,0,-0.5609748304808925,1,1,0,1,0,1,0,0
557,1,1,1.5014414260259303,1,0,0.7597992003451073,1,0.059159876663617626,0,0,0,0,0,0,0,1
558,0,1,0.8727678752973038,0,0,2.0316232164746784,0,-0.5609748304808925,1,1,0,0,0,1,0,0
559,1,1,0.7941836814562255,1,1,2.0316232164746784,1,0.6792945838081278,0,0,0,1,0,0,1,0
560,1,3,0.5584310999329906,1,0,-0.32470795780243905,0,0.059159876663617626,0,0,0,1,0,0,1,0
561,0,3,-0.30599503231887076,0,0,-0.7961266098800885,0,-0.5609748304808925,1,1,1,0,0,1,0,0
562,0,3,0.8727678752973038,0,0,-0.7890040358414437,0,-0.5609748304808925,1,1,0,1,0,1,0,0
563,0,2,-0.07024245079563585,0,0,-0.515229485585116,0,-0.5609748304808925,1,1,0,1,0,1,0,0
564,0,3,-0.30599503231887076,0,0,-0.7814711077429595,0,-0.5609748304808925,1,1,0,1,0,1,0,0
565,0,3,-0.5810397107626448,0,0,-0.7814711077429595,0,-0.5609748304808925,1,0,0,1,1,0,0,0
566,0,3,-0.38457922615994905,2,0,0.005040840282963516,0,0.6792945838081278,0,1,0,1,0,1,0,0
567,0,3,-0.7775001953653405,0,0,-0.7890040358414437,0,-0.5609748304808925,1,1,0,1,0,1,0,0
568,0,3,0.008341743045442463,0,4,-0.14517805662260871,0,1.9195639980971482,0,0,0,1,0,0,1,0
569,0,3,-0.30599503231887076,0,0,-0.8215685615901446,0,-0.5609748304808925,1,1,0,0,0,1,0,0
570,1,3,0.24409432456867738,0,0,-0.7910362654711258,0,-0.5609748304808925,1,1,0,1,0,1,0,0
571,1,2,2.267637315976444,0,0,-0.661784506956406,0,-0.5609748304808925,1,1,0,1,0,1,0,0
572,1,1,1.8943623952313218,2,0,1.3401180036363833,1,0.6792945838081278,0,0,0,1,0,0,1,0
573,1,1,0.5584310999329906,0,0,0.11434646038905069,1,-0.5609748304808925,1,1,0,1,0,1,0,0
574,1,3,-0.5810397107626448,0,0,-0.7961266098800885,0,-0.5609748304808925,1,0,1,0,1,0,0,0
575,0,3,-1.0132527768885755,0,0,-0.7814711077429595,0,-0.5609748304808925,1,1,0,1,0,1,0,0
576,0,3,-0.7775001953653405,0,0,-0.466377811794686,0,-0.5609748304808925,1,1,0,1,0,1,0,0
577,1,2,0.401262712250834,0,0,-0.539655322480331,0,-0.5609748304808925,1,0,0,1,1,0,0,0
578,1,1,0.7941836814562255,1,0,1.5560814831291163,1,0.059159876663617626,0,0,0,1,0,0,1,0
579,0,3,-0.5810397107626448,1,0,-0.46841492659174694,0,0.059159876663617626,0,0,0,0,0,0,1,0
580,1,3,0.24409432456867738,0,0,-0.7875775669667633,0,-0.5609748304808925,1,1,0,1,0,1,0,0
581,1,2,-0.30599503231887076,1,1,0.2908231319569791,0,0.6792945838081278,0,0,0,1,1,0,0,0
582,1,1,0.7941836814562255,1,1,2.0316232164746784,1,0.6792945838081278,0,0,0,0,0,0,1,0
583,0,2,1.9729465890724,0,0,0.0954164367952591,0,-0.5609748304808925,1,1,0,1,0,1,0,0
584,0,1,0.5584310999329906,0,0,0.7854463290850829,1,-0.5609748304808925,1,1,0,0,0,1,0,0
585,0,3,-0.30599503231887076,0,0,-0.7491068738567996,0,-0.5609748304808925,1,1,0,0,0,1,0,0
586,1,1,-0.8560843892064189,0,2,2.0316232164746784,1,0.6792945838081278,0,0,0,1,1,0,0,0
587,0,2,1.422857232184852,0,0,-0.44195197489947097,0,-0.5609748304808925,1,1,0,1,0,1,0,0
588,1,1,2.267637315976444,1,1,2.0316232164746784,1,0.6792945838081278,0,1,0,0,0,1,0,0
589,0,3,-0.5417476138421057,0,0,-0.7814711077429595,0,-0.5609748304808925,1,1,0,1,0,1,0,0
590,0,3,-0.30599503231887076,0,0,-0.7814711077429595,0,-0.5609748304808925,1,1,0,1,0,1,0,0
591,0,3,0.4798469060919123,0,0,-0.8266589059991073,0,-0.5609748304808925,1,1,0,1,0,1,0,0
592,1,1,1.8157782013902435,1,0,2.0316232164746784,1,0.059159876663617626,0,0,0,0,0,0,1,0
593,0,3,1.422857232184852,0,0,-0.8205524467753036,0,-0.5609748304808925,1,1,0,1,0,1,0,0
594,0,3,-0.5810397107626448,0,2,-0.7961266098800885,0,0.6792945838081278,0,0,1,0,1,0,0,0
595,0,2,0.637015293774069,1,0,0.0954164367952591,0,0.059159876663617626,0,1,0,1,0,1,0,0
596,0,3,0.5584310999329906,1,1,0.005040840282963516,0,0.6792945838081278,0,1,0,1,0,1,0,0
597,1,2,-0.07024245079563585,0,0,0.4373781533282692,0,-0.5609748304808925,1,0,0,1,1,0,0,0
598,0,3,1.5800256198670086,0,0,-1.1747270817559212,0,-0.5609748304808925,1,1,0,1,0,1,0,0
599,0,3,-0.30599503231887076,0,0,-0.8217737386200644,0,-0.5609748304808925,1,1,0,0,0,1,0,0
600,1,1,1.5800256198670086,1,0,1.6063596257942268,1,0.059159876663617626,0,1,0,0,0,0,0,1
601,1,2,-0.38457922615994905,2,1,0.1442681105856891,0,1.299429290952638,0,0,0,1,0,0,1,0
602,0,3,-0.30599503231887076,0,0,-0.7890040358414437,0,-0.5609748304808925,1,1,0,1,0,1,0,0
603,0,1,0.8727678752973038,0,0,0.8965838869583111,0,-0.5609748304808925,1,1,0,1,0,1,0,0
604,0,3,1.187104650661617,0,0,-0.7814711077429595,0,-0.5609748304808925,1,1,0,1,0,1,0,0
605,1,1,0.4798469060919123,0,0,0.12228485737999564,0,-0.5609748304808925,1,1,0,0,0,1,0,0
606,0,3,0.5584310999329906,1,0,-0.4150835543147344,0,0.059159876663617626,0,1,0,1,0,1,0,0
607,0,3,0.08692593688652077,0,0,-0.7890040358414437,0,-0.5609748304808925,1,1,0,1,0,1,0,0
608,1,1,-0.14882664463671416,0,0,0.3152489688521941,0,-0.5609748304808925,1,1,0,1,0,1,0,0
609,1,2,-0.5417476138421057,1,2,0.8564864331111263,0,1.299429290952638,0,0,0,0,0,0,1,0
610,1,1,0.8727678752973038,0,0,2.0316232164746784,1,-0.5609748304808925,1,0,0,1,1,0,0,0
611,0,3,0.7941836814562255,1,5,0.35310901603977735,0,3.1598334123861687,0,0,0,1,0,0,1,0
612,0,3,-0.30599503231887076,0,0,-0.8303227815333896,0,-0.5609748304808925,1,1,0,1,0,1,0,0
613,1,3,-0.5810397107626448,1,0,-0.417526138004256,0,0.059159876663617626,0,0,1,0,1,0,0,0
614,0,3,-0.30599503231887076,0,0,-0.7961266098800885,0,-0.5609748304808925,1,1,1,0,0,1,0,0
615,0,3,0.4798469060919123,0,0,-0.7814711077429595,0,-0.5609748304808925,1,1,0,1,0,1,0,0
616,1,2,-0.38457922615994905,1,2,2.0006317146220294,0,1.299429290952638,0,0,0,1,1,0,0,0
617,0,3,0.401262712250834,1,1,-0.471262979173729,0,0.6792945838081278,0,1,0,1,0,1,0,0
618,0,3,-0.22741083847779245,1,0,-0.3882151337299979,0,0.059159876663617626,0,0,0,1,0,0,1,0
619,1,2,-1.9562631029815152,2,1,0.7304881960708492,1,1.299429290952638,0,0,0,1,1,0,0,0
620,0,2,-0.22741083847779245,0,0,-0.661784506956406,0,-0.5609748304808925,1,1,0,1,0,1,0,0
621,0,3,-0.14882664463671416,1,0,-0.46861521845428766,0,0.059159876663617626,0,1,0,0,0,1,0,0
622,1,1,1.0299362629794604,1,0,1.3926335529610958,1,0.059159876663617626,0,1,0,1,0,1,0,0
623,1,3,-0.6989160015242623,1,1,-0.4057186884491091,0,0.6792945838081278,0,1,0,0,0,1,0,0
624,0,3,-0.620331807683184,0,0,-0.7910362654711258,0,-0.5609748304808925,1,1,0,1,0,1,0,0
625,0,3,-0.620331807683184,0,0,-0.3882151337299979,0,-0.5609748304808925,1,1,0,1,0,1,0,0
626,0,1,2.267637315976444,0,0,0.40419809648980903,1,-0.5609748304808925,1,1,0,1,0,1,0,0
627,0,2,2.208699170595635,0,0,-0.5714089104441106,0,-0.5609748304808925,1,1,1,0,0,0,0,1
628,1,1,-0.620331807683184,0,0,2.0316232164746784,1,-0.5609748304808925,1,0,0,1,1,0,0,0
629,0,3,-0.22741083847779245,0,0,-0.7890040358414437,0,-0.5609748304808925,1,1,0,1,0,1,0,0
630,0,3,-0.30599503231887076,0,0,-0.7969424328323887,0,-0.5609748304808925,1,1,1,0,0,1,0,0
631,1,1,2.267637315976444,0,0,0.2908231319569791,1,-0.5609748304808925,1,1,0,1,0,1,0,0
632,0,3,1.7371940075491652,0,0,-0.8301176045034698,0,-0.5609748304808925,1,1,0,1,0,1,0,0
633,1,1,0.24409432456867738,0,0,0.3152489688521941,1,-0.5609748304808925,1,1,0,0,0,0,0,1
634,0,1,0.8727678752973038,0,0,-1.1747270817559212,0,-0.5609748304808925,1,1,0,1,0,1,0,0
635,0,3,-1.5633421337761237,3,2,0.18823461699707605,0,2.5396987052416584,0,0,0,1,1,0,0,0
636,1,2,-0.07024245079563585,0,0,-0.539655322480331,0,-0.5609748304808925,1,0,0,1,1,0,0,0
637,0,3,0.24409432456867738,0,0,-0.7875775669667633,0,-0.5609748304808925,1,1,0,1,0,1,0,0
638,0,2,0.16551013072759907,1,1,0.1076293552428666,0,0.6792945838081278,0,1,0,1,0,1,0,0
639,0,3,0.9513520691383821,0,5,0.7640737218017698,0,2.5396987052416584,0,0,0,1,0,0,1,0
640,0,3,-0.30599503231887076,1,0,-0.3882151337299979,0,0.059159876663617626,0,1,0,1,0,1,0,0
641,0,3,-0.6989160015242623,0,0,-0.7910362654711258,0,-0.5609748304808925,1,1,0,1,0,1,0,0
642,1,1,-0.38457922615994905,0,0,2.0316232164746784,1,-0.5609748304808925,1,0,0,0,1,0,0,0
643,0,3,-2.1134314906636718,3,2,0.18823461699707605,0,2.5396987052416584,0,0,0,1,1,0,0,0
644,1,3,-0.30599503231887076,0,0,1.5851873103734548,0,-0.5609748304808925,1,1,0,1,0,1,0,0
645,1,3,-2.2116617329650197,2,1,-0.23392689239768297,0,1.299429290952638,0,0,0,0,1,0,0,0
646,1,1,1.5014414260259303,1,0,2.0316232164746784,1,0.059159876663617626,0,1,0,0,0,1,0,0
647,0,3,-0.7775001953653405,0,0,-0.7890040358414437,0,-0.5609748304808925,1,1,0,1,0,1,0,0
648,1,1,2.1301149767545566,0,0,0.5595073378043441,1,-0.5609748304808925,1,1,0,0,0,0,0,1
649,0,3,-0.30599503231887076,0,0,-0.8058969446381745,0,-0.5609748304808925,1,1,0,1,0,1,0,0
650,1,3,-0.4631634200010274,0,0,-0.8058969446381745,0,-0.5609748304808925,1,0,0,1,1,0,0,0
651,0,3,-0.30599503231887076,0,0,-0.7890040358414437,0,-0.5609748304808925,1,1,0,1,0,1,0,0
652,1,2,-0.8560843892064189,0,1,-0.051138584576030925,0,0.059159876663617626,0,0,0,1,1,0,0,0
653,0,3,-0.620331807683184,0,0,-0.7627462611790877,0,-0.5609748304808925,1,1,0,1,0,1,0,0
654,1,3,-0.5810397107626448,0,0,-0.7922575573158865,0,-0.5609748304808925,1,0,1,0,1,0,0,0
655,0,3,-0.8560843892064189,0,0,-0.8449782836705185,0,-0.5609748304808925,1,0,1,0,1,0,0,0
656,0,2,-0.38457922615994905,2,0,2.0316232164746784,0,0.6792945838081278,0,1,0,1,0,1,0,0
657,0,3,-0.30599503231887076,0,0,-0.7890040358414437,0,-0.5609748304808925,1,1,0,1,0,1,0,0
658,0,3,0.24409432456867738,1,1,-0.417526138004256,0,0.6792945838081278,0,0,1,0,0,0,1,0
659,0,2,-0.4631634200010274,0,0,-0.539655322480331,0,-0.5609748304808925,1,1,0,1,0,1,0,0
660,0,1,2.267637315976444,0,2,2.0316232164746784,1,0.6792945838081278,0,1,0,0,0,1,0,0
661,1,1,1.658609813708087,2,0,2.0316232164746784,0,0.6792945838081278,0,1,0,1,0,0,0,1
662,0,3,0.8727678752973038,0,0,-0.8217737386200644,0,-0.5609748304808925,1,1,0,0,0,1,0,0
663,0,1,1.422857232184852,0,0,0.07526512135670665,1,-0.5609748304808925,1,1,0,1,0,1,0,0
664,0,3,0.5584310999329906,0,0,-0.8085447053576159,0,-0.5609748304808925,1,1,0,1,0,1,0,0
665,1,3,-0.6989160015242623,1,0,-0.7875775669667633,0,0.059159876663617626,0,1,0,1,0,1,0,0
666,0,2,0.24409432456867738,2,0,2.0316232164746784,0,0.6792945838081278,0,1,0,1,0,1,0,0
667,0,2,-0.30599503231887076,0,0,-0.539655322480331,0,-0.5609748304808925,1,1,0,1,0,1,0,0
668,0,3,-0.30599503231887076,0,0,-0.7949053180353277,0,-0.5609748304808925,1,1,0,1,0,1,0,0
669,0,3,1.1085204568205387,0,0,-0.7814711077429595,0,-0.5609748304808925,1,1,0,1,0,1,0,0
670,1,1,0.4798469060919123,1,0,1.3655599553464393,1,0.059159876663617626,0,0,0,1,0,0,1,0
671,1,2,0.8727678752973038,1,1,0.7304881960708492,0,0.6792945838081278,0,0,0,1,0,0,1,0
672,0,1,0.16551013072759907,1,0,1.3655599553464393,1,0.059159876663617626,0,1,0,1,0,1,0,0
673,0,2,2.267637315976444,0,0,-0.661784506956406,0,-0.5609748304808925,1,1,0,1,0,1,0,0
674,1,2,0.16551013072759907,0,0,-0.539655322480331,0,-0.5609748304808925,1,1,0,1,0,1,0,0
675,0,2,0.08692593688652077,0,0,-1.1747270817559212,0,-0.5609748304808925,1,1,0,1,0,1,0,0
676,0,3,-0.8560843892064189,0,0,-0.7949053180353277,0,-0.5609748304808925,1,1,0,1,0,1,0,0
677,0,3,-0.3452871292394099,0,0,-0.7814711077429595,0,-0.5609748304808925,1,1,0,1,0,1,0,0
678,1,3,-0.8560843892064189,0,0,-0.6939435638126461,0,-0.5609748304808925,1,0,0,1,1,0,0,0
679,0,3,1.1085204568205387,1,6,1.1164164190152461,0,3.779968119530679,0,0,0,1,0,0,1,0
680,1,1,0.5584310999329906,0,1,2.0316232164746784,1,0.059159876663617626,0,1,0,0,0,1,0,0
681,0,3,-0.5810397107626448,0,0,-0.777196586286297,0,-0.5609748304808925,1,0,1,0,1,0,0,0
682,1,1,-0.14882664463671416,0,0,2.0316232164746784,1,-0.5609748304808925,1,1,0,0,0,1,0,0
683,0,3,-0.6989160015242623,0,0,-0.7240703910392043,0,-0.5609748304808925,1,1,0,1,0,1,0,0
684,0,3,-1.170421164570732,5,2,1.1164164190152461,0,3.779968119530679,0,1,0,1,0,1,0,0
685,0,2,2.267637315976444,1,1,0.7304881960708492,0,0.6792945838081278,0,1,0,1,0,1,0,0
686,0,2,-0.30599503231887076,1,2,0.8564864331111263,0,1.299429290952638,0,1,0,0,0,1,0,0
687,0,3,-1.170421164570732,4,1,0.7640737218017698,0,2.5396987052416584,0,1,0,1,0,1,0,0
688,0,3,-0.7775001953653405,0,0,-0.6778664779682156,0,-0.5609748304808925,1,1,0,1,0,1,0,0
689,0,3,-0.8560843892064189,0,0,-0.7938892032204868,0,-0.5609748304808925,1,1,0,1,0,1,0,0
690,1,1,-1.0918369707296538,0,1,2.0316232164746784,1,0.059159876663617626,0,0,0,1,1,0,0,0
691,1,1,0.16551013072759907,1,0,1.6098183242985895,1,0.059159876663617626,0,1,0,1,0,1,0,0
692,1,3,-1.9562631029815152,0,1,-0.5192988300118588,0,0.059159876663617626,0,0,0,0,1,0,0,0
693,1,3,-0.30599503231887076,0,0,1.5851873103734548,0,-0.5609748304808925,1,1,0,1,0,1,0,0
694,0,3,-0.30599503231887076,0,0,-0.8217737386200644,0,-0.5609748304808925,1,1,0,0,0,1,0,0
695,0,1,2.267637315976444,0,0,0.12228485737999564,0,-0.5609748304808925,1,1,0,1,0,0,0,1
696,0,2,1.8157782013902435,0,0,-0.515229485585116,0,-0.5609748304808925,1,1,0,1,0,1,0,0
697,0,3,1.187104650661617,0,0,-0.7814711077429595,0,-0.5609748304808925,1,1,0,1,0,1,0,0
698,1,3,-0.5810397107626448,0,0,-0.7969424328323887,0,-0.5609748304808925,1,0,1,0,1,0,0,0
699,0,1,1.5800256198670086,1,1,2.0316232164746784,1,0.6792945838081278,0,1,0,0,0,1,0,0
700,0,3,1.0299362629794604,0,0,-0.8010117772591314,1,-0.5609748304808925,1,1,0,1,0,1,0,0
701,1,1,-0.8560843892064189,1,0,2.0316232164746784,1,0.059159876663617626,0,0,0,0,0,0,1,0
702,1,1,0.4798469060919123,0,0,0.1094612930100078,1,-0.5609748304808925,1,1,0,1,0,1,0,0
703,0,3,-0.8560843892064189,0,1,-0.46861521845428766,0,0.059159876663617626,0,0,0,0,1,0,0,0
704,0,3,-0.30599503231887076,0,0,-0.7965320787725492,0,-0.5609748304808925,1,1,1,0,0,1,0,0
705,0,3,-0.22741083847779245,1,0,-0.7910362654711258,0,0.059159876663617626,0,1,0,1,0,1,0,0
706,0,2,0.7941836814562255,0,0,0.0954164367952591,0,-0.5609748304808925,1,1,0,1,0,1,0,0
707,1,2,1.2656888445026953,0,0,-0.515229485585116,0,-0.5609748304808925,1,0,0,1,0,0,1,0
708,1,1,1.0299362629794604,0,0,0.1094612930100078,1,-0.5609748304808925,1,1,0,1,0,1,0,0
709,1,1,-0.5417476138421057,0,0,2.0316232164746784,0,-0.5609748304808925,1,0,0,1,1,0,0,0
710,1,3,-0.30599503231887076,1,1,-0.42994423348178334,0,0.6792945838081278,0,1,0,0,0,0,0,0
711,1,1,-0.38457922615994905,0,0,1.2436359479002839,1,-0.5609748304808925,1,0,0,0,1,0,0,0
712,0,1,0.8727678752973038,0,0,0.12228485737999564,1,-0.5609748304808925,1,1,0,1,0,1,0,0
713,1,1,1.5014414260259303,1,0,1.3655599553464393,1,0.059159876663617626,0,1,0,1,0,1,0,0
714,0,3,0.008341743045442463,0,0,-0.7114520036991362,0,-0.5609748304808925,1,1,0,1,0,1,0,0
715,0,2,1.8157782013902435,0,0,-0.539655322480331,0,-0.5609748304808925,1,1,0,1,0,1,0,0
716,0,3,-0.7775001953653405,0,0,-0.8010117772591314,1,-0.5609748304808925,1,1,0,1,0,1,0,0
717,1,1,0.7155994876151472,0,0,2.0316232164746784,1,-0.5609748304808925,1,0,0,0,1,0,0,0
718,1,2,-0.14882664463671416,0,0,-0.661784506956406,1,-0.5609748304808925,1,0,0,1,1,0,0,0
719,0,3,-0.30599503231887076,0,0,-0.417526138004256,0,-0.5609748304808925,1,1,1,0,0,1,0,0
720,0,3,0.3226785184097557,0,0,-0.7949053180353277,0,-0.5609748304808925,1,1,0,1,0,1,0,0
721,1,2,-1.7990947152993586,0,1,0.4373781533282692,0,0.059159876663617626,0,0,0,1,1,0,0,0
722,0,3,-0.9346685830474972,1,0,-0.8301176045034698,0,0.059159876663617626,0,1,0,1,0,1,0,0
723,0,2,0.401262712250834,0,0,-0.539655322480331,0,-0.5609748304808925,1,1,0,1,0,1,0,0
724,0,2,1.658609813708087,0,0,-0.539655322480331,0,-0.5609748304808925,1,1,0,1,0,1,0,0
725,1,1,-0.14882664463671416,1,0,1.4192967965159125,1,0.059159876663617626,0,1,0,1,0,1,0,0
726,0,3,-0.6989160015242623,0,0,-0.7515494575463212,0,-0.5609748304808925,1,1,0,1,0,1,0,0
727,1,2,0.08692593688652077,3,0,-0.14884193215689093,0,1.299429290952638,0,0,0,1,0,0,1,0
728,1,3,-0.5810397107626448,0,0,-0.7967372558024689,0,-0.5609748304808925,1,0,1,0,1,0,0,0
729,0,2,-0.30599503231887076,1,0,0.0954164367952591,0,0.059159876663617626,0,1,0,1,0,1,0,0
730,0,3,-0.30599503231887076,1,0,-0.7875775669667633,0,0.059159876663617626,0,0,0,1,1,0,0,0
731,1,1,0.008341743045442463,0,0,2.0316232164746784,1,-0.5609748304808925,1,0,0,1,1,0,0,0
732,0,3,-1.406173746093967,0,0,-0.25692626041821726,0,-0.5609748304808925,1,1,0,0,0,1,0,0
733,0,2,0.08692593688652077,0,0,-1.1747270817559212,0,-0.5609748304808925,1,1,0,1,0,1,0,0
734,0,2,-0.4631634200010274,0,0,-0.539655322480331,0,-0.5609748304808925,1,1,0,1,0,1,0,0
735,0,2,-0.4631634200010274,0,0,-0.539655322480331,0,-0.5609748304808925,1,1,0,1,0,1,0,0
736,0,3,-0.03095035387509669,0,0,-0.3882151337299979,0,-0.5609748304808925,1,1,0,1,0,1,0,0
737,0,3,1.5014414260259303,1,3,0.5045492047901105,0,1.9195639980971482,0,0,0,1,0,0,1,0
738,1,1,0.4798469060919123,0,0,2.0316232164746784,1,-0.5609748304808925,1,1,0,0,0,1,0,0
739,0,3,-0.30599503231887076,0,0,-0.7890040358414437,0,-0.5609748304808925,1,1,0,1,0,1,0,0
740,0,3,-0.30599503231887076,0,0,-0.7890040358414437,0,-0.5609748304808925,1,1,0,1,0,1,0,0
741,1,1,0.8727678752973038,0,0,0.2908231319569791,1,-0.5609748304808925,1,1,0,1,0,1,0,0
742,0,1,0.5584310999329906,1,0,2.0316232164746784,1,0.059159876663617626,0,1,0,1,0,1,0,0
743,1,1,-0.620331807683184,2,2,2.0316232164746784,1,1.9195639980971482,0,0,0,0,1,0,0,0
744,0,3,-0.38457922615994905,1,0,-0.3882151337299979,0,0.059159876663617626,0,1,0,1,0,1,0,0
745,1,3,0.16551013072759907,0,0,-0.7875775669667633,0,-0.5609748304808925,1,1,0,1,0,1,0,0
746,0,1,2.267637315976444,1,1,2.0316232164746784,1,0.6792945838081278,0,1,0,1,0,0,0,1
747,0,3,-1.0132527768885755,1,1,-0.18548068749971344,0,0.6792945838081278,0,1,0,1,0,1,0,0
748,1,2,0.08692593688652077,0,0,-0.539655322480331,0,-0.5609748304808925,1,0,0,1,1,0,0,0
749,0,1,-0.7775001953653405,1,0,1.4192967965159125,1,0.059159876663617626,0,1,0,1,0,1,0,0
750,0,3,0.16551013072759907,0,0,-0.7961266098800885,0,-0.5609748304808925,1,1,1,0,0,1,0,0
751,1,2,-1.9562631029815152,1,1,-0.051138584576030925,0,0.6792945838081278,0,0,0,1,1,0,0,0
752,1,3,-1.7990947152993586,0,1,-0.5653024512203068,1,0.059159876663617626,0,1,0,1,0,0,0,0
753,0,3,0.3226785184097557,0,0,-0.710636180746836,0,-0.5609748304808925,1,1,0,1,0,1,0,0
754,0,3,-0.4631634200010274,0,0,-0.7890040358414437,0,-0.5609748304808925,1,1,0,1,0,1,0,0
755,1,2,1.5014414260259303,1,2,2.0006317146220294,0,1.299429290952638,0,0,0,1,0,0,1,0
756,1,2,-2.2179484684723056,1,1,-0.466377811794686,0,0.6792945838081278,0,1,0,1,0,0,0,0
757,0,3,-0.07024245079563585,0,0,-0.7938892032204868,0,-0.5609748304808925,1,1,0,1,0,1,0,0
758,0,2,-0.8560843892064189,0,0,-0.612932833165976,0,-0.5609748304808925,1,1,0,1,0,1,0,0
759,0,3,0.401262712250834,0,0,-0.7814711077429595,0,-0.5609748304808925,1,1,0,1,0,1,0,0
760,1,1,0.3226785184097557,0,0,2.0316232164746784,1,-0.5609748304808925,1,0,0,1,0,0,0,1
761,0,3,-0.30599503231887076,0,0,-0.466377811794686,0,-0.5609748304808925,1,1,0,1,0,1,0,0
762,0,3,0.9513520691383821,0,0,-0.8266589059991073,0,-0.5609748304808925,1,1,0,1,0,1,0,0
763,1,3,-0.6989160015242623,0,0,-0.8215685615901446,0,-0.5609748304808925,1,1,0,0,0,1,0,0
764,1,1,0.5584310999329906,1,2,2.0316232164746784,1,1.299429290952638,0,0,0,1,0,0,1,0
765,0,3,-1.0132527768885755,0,0,-0.7949053180353277,0,-0.5609748304808925,1,1,0,1,0,1,0,0
766,1,1,1.7371940075491652,1,0,2.0316232164746784,1,0.059159876663617626,0,0,0,1,0,0,1,0
767,0,1,0.8727678752973038,0,0,0.7597992003451073,0,-0.5609748304808925,1,1,0,0,0,0,0,1
768,0,3,0.12621803380705993,0,0,-0.7961266098800885,0,-0.5609748304808925,1,0,1,0,1,0,0,0
769,0,3,-0.30599503231887076,1,0,0.005040840282963516,0,0.059159876663617626,0,1,1,0,0,1,0,0
770,0,3,0.24409432456867738,0,0,-0.7662049596834501,0,-0.5609748304808925,1,1,0,1,0,1,0,0
771,0,3,-0.38457922615994905,0,0,-0.710636180746836,0,-0.5609748304808925,1,1,0,1,0,1,0,0
772,0,3,1.5014414260259303,0,0,-0.7910362654711258,0,-0.5609748304808925,1,1,0,1,0,1,0,0
773,0,2,2.208699170595635,0,0,-0.661784506956406,1,-0.5609748304808925,1,0,0,1,0,0,1,0
774,0,3,-0.30599503231887076,0,0,-0.8217737386200644,0,-0.5609748304808925,1,1,0,0,0,1,0,0
775,1,2,1.9729465890724,1,3,-0.051138584576030925,0,1.9195639980971482,0,0,0,1,0,0,1,0
776,0,3,-0.8560843892064189,0,0,-0.7961266098800885,0,-0.5609748304808925,1,1,0,1,0,1,0,0
777,0,3,-0.30599503231887076,0,0,-0.7961266098800885,1,-0.5609748304808925,1,1,1,0,0,1,0,0
778,1,3,-1.877678909140437,0,0,-0.5653024512203068,0,-0.5609748304808925,1,0,0,1,1,0,0,0
779,0,3,-0.30599503231887076,0,0,-0.7967372558024689,0,-0.5609748304808925,1,1,1,0,0,1,0,0
780,1,1,1.1085204568205387,0,1,2.0316232164746784,1,0.059159876663617626,0,0,0,1,0,0,1,0
781,1,3,-1.2490053584118104,0,0,-0.8215685615901446,0,-0.5609748304808925,1,0,0,0,1,0,0,0
782,1,1,-0.9346685830474972,1,0,1.6098183242985895,1,0.059159876663617626,0,0,0,1,0,0,1,0
783,0,1,0.008341743045442463,0,0,0.2908231319569791,1,-0.5609748304808925,1,1,0,1,0,1,0,0
784,0,3,-0.30599503231887076,1,2,-0.029155331370337455,0,1.299429290952638,0,1,0,1,0,1,0,0
785,0,3,-0.30599503231887076,0,0,-0.8303227815333896,0,-0.5609748304808925,1,1,0,1,0,1,0,0
786,0,3,-0.30599503231887076,0,0,-0.8205524467753036,0,-0.5609748304808925,1,1,0,1,0,1,0,0
787,1,3,-0.8560843892064189,0,0,-0.8085447053576159,0,-0.5609748304808925,1,0,0,1,1,0,0,0
788,0,3,-1.641926327617202,4,1,0.24807791739035287,0,2.5396987052416584,0,1,1,0,0,0,0,0
789,1,3,-2.1920156845047503,1,2,-0.16960389351782373,0,1.299429290952638,0,1,0,1,0,0,0,0
790,0,1,1.3442730383437738,0,0,2.0316232164746784,1,-0.5609748304808925,1,1,0,0,0,1,0,0
791,0,3,-0.30599503231887076,0,0,-0.7961266098800885,0,-0.5609748304808925,1,1,1,0,0,1,0,0
792,0,2,-1.0132527768885755,0,0,0.0954164367952591,0,-0.5609748304808925,1,1,0,1,0,1,0,0
793,0,3,-0.5810397107626448,8,2,2.0316232164746784,0,5.64037224096421,0,0,0,1,1,0,0,0
794,0,1,0.8727678752973038,0,0,0.32481412658036024,0,-0.5609748304808925,1,1,0,0,0,1,0,0
795,0,3,-0.30599503231887076,0,0,-0.7890040358414437,0,-0.5609748304808925,1,1,0,1,0,1,0,0
796,0,2,0.7941836814562255,0,0,-0.539655322480331,0,-0.5609748304808925,1,1,0,1,0,1,0,0
797,1,1,1.5800256198670086,0,0,0.09195773829089673,1,-0.5609748304808925,1,0,0,1,0,0,0,1
798,1,3,0.16551013072759907,0,0,-0.7505333427314803,0,-0.5609748304808925,1,0,0,1,0,0,1,0
799,0,3,0.08692593688652077,0,0,-0.8215685615901446,0,-0.5609748304808925,1,1,0,0,0,1,0,0
800,0,3,0.08692593688652077,1,1,0.005040840282963516,0,0.6792945838081278,0,0,0,1,0,0,1,0
801,0,2,0.401262712250834,0,0,-0.539655322480331,0,-0.5609748304808925,1,1,0,1,0,1,0,0
802,1,2,0.16551013072759907,1,1,0.1076293552428666,0,0.6792945838081278,0,0,0,1,0,0,1,0
803,1,1,-1.406173746093967,1,2,2.0316232164746784,1,1.299429290952638,0,1,0,1,0,0,0,0
804,1,3,-2.2375945169325755,0,1,-0.7586720315849659,0,0.059159876663617626,0,1,0,0,0,0,0,0
805,1,3,-0.14882664463671416,0,0,-0.8339866570676719,0,-0.5609748304808925,1,1,0,1,0,1,0,0
806,0,3,0.16551013072759907,0,0,-0.7949053180353277,0,-0.5609748304808925,1,1,0,1,0,1,0,0
807,0,1,0.7941836814562255,0,0,-1.1747270817559212,1,-0.5609748304808925,1,1,0,1,0,1,0,0
808,0,3,-0.8560843892064189,0,0,-0.7949053180353277,0,-0.5609748304808925,1,0,0,1,1,0,0,0
809,0,2,0.7941836814562255,0,0,-0.539655322480331,0,-0.5609748304808925,1,1,0,1,0,1,0,0
810,1,1,0.3226785184097557,1,0,1.4192967965159125,1,0.059159876663617626,0,0,0,1,0,0,1,0
811,0,3,-0.22741083847779245,0,0,-0.7894095047339045,0,-0.5609748304808925,1,1,0,1,0,1,0,0
812,0,3,0.7941836814562255,0,0,0.005040840282963516,0,-0.5609748304808925,1,1,0,1,0,1,0,0
813,0,2,0.4798469060919123,0,0,-0.661784506956406,0,-0.5609748304808925,1,1,0,1,0,1,0,0
814,0,3,-1.7990947152993586,4,2,0.35310901603977735,0,3.1598334123861687,0,0,0,1,1,0,0,0
815,0,3,0.12621803380705993,0,0,-0.7814711077429595,0,-0.5609748304808925,1,1,0,1,0,1,0,0
816,0,1,0.8727678752973038,0,0,-1.1747270817559212,1,-0.5609748304808925,1,1,0,1,0,1,0,0
817,0,3,-0.4631634200010274,0,0,-0.7875775669667633,0,-0.5609748304808925,1,0,0,1,1,0,0,0
818,0,2,0.16551013072759907,1,1,0.6329900255199089,0,0.6792945838081278,0,1,0,0,0,1,0,0
819,0,3,1.1085204568205387,0,0,-0.8596337858076476,0,-0.5609748304808925,1,1,0,1,0,1,0,0
820,0,3,-1.4847579399350452,3,2,0.18823461699707605,0,2.5396987052416584,0,1,0,1,0,0,0,0
821,1,1,1.8157782013902435,1,1,2.0316232164746784,1,0.6792945838081278,0,0,0,1,0,0,1,0
822,1,3,-0.14882664463671416,0,0,-0.7515494575463212,0,-0.5609748304808925,1,1,0,1,0,1,0,0
823,0,1,0.7155994876151472,0,0,-1.1747270817559212,0,-0.5609748304808925,1,1,0,1,0,0,0,1
824,1,3,-0.14882664463671416,0,1,-0.5653024512203068,1,0.059159876663617626,0,0,0,1,0,0,1,0
825,0,3,-2.1134314906636718,4,1,0.7640737218017698,0,2.5396987052416584,0,1,0,1,0,0,0,0
826,0,3,-0.30599503231887076,0,0,-0.8352079489124326,0,-0.5609748304808925,1,1,1,0,0,1,0,0
827,0,3,-0.30599503231887076,0,0,1.5851873103734548,0,-0.5609748304808925,1,1,0,1,0,1,0,0
828,1,2,-2.1920156845047503,0,2,0.6329900255199089,0,0.6792945838081278,0,1,0,0,0,0,0,0
829,1,3,-0.30599503231887076,0,0,-0.7961266098800885,0,-0.5609748304808925,1,1,1,0,0,1,0,0
830,1,1,2.267637315976444,0,0,2.0316232164746784,1,-0.5609748304808925,1,0,0,1,0,0,1,0
831,1,3,-1.0918369707296538,1,0,-0.46861521845428766,0,0.059159876663617626,0,0,0,0,0,0,1,0
832,1,2,-2.2053749974577337,1,1,-0.25875819818535845,0,0.6792945838081278,0,1,0,1,0,0,0,0
833,0,3,-0.30599503231887076,0,0,-0.8215685615901446,0,-0.5609748304808925,1,1,0,0,0,1,0,0
834,0,3,-0.4631634200010274,0,0,-0.7910362654711258,0,-0.5609748304808925,1,1,0,1,0,1,0,0
835,0,3,-0.8560843892064189,0,0,-0.7692581892953521,0,-0.5609748304808925,1,1,0,1,0,1,0,0
836,1,1,0.7941836814562255,1,1,2.0316232164746784,1,0.6792945838081278,0,0,0,0,1,0,0,0
837,0,3,-0.620331807683184,0,0,-0.7515494575463212,0,-0.5609748304808925,1,1,0,1,0,1,0,0
838,0,3,-0.30599503231887076,0,0,-0.7814711077429595,0,-0.5609748304808925,1,1,0,1,0,1,0,0
839,1,3,0.24409432456867738,0,0,1.5851873103734548,0,-0.5609748304808925,1,1,0,1,0,1,0,0
840,1,1,0.8727678752973038,0,0,0.2761676298198501,1,-0.5609748304808925,1,1,0,0,0,1,0,0
841,0,3,-0.6989160015242623,0,0,-0.7875775669667633,0,-0.5609748304808925,1,1,0,1,0,1,0,0
842,0,2,-1.0132527768885755,0,0,-0.661784506956406,0,-0.5609748304808925,1,1,0,1,0,1,0,0
843,1,1,0.08692593688652077,0,0,0.33967480574740916,0,-0.5609748304808925,1,0,0,0,1,0,0,0
844,0,3,0.44055480917137313,0,0,-0.860244431730028,0,-0.5609748304808925,1,1,0,0,0,1,0,0
845,0,3,-0.9346685830474972,0,0,-0.7515494575463212,0,-0.5609748304808925,1,1,0,1,0,1,0,0
846,0,3,1.0299362629794604,0,0,-0.8058969446381745,0,-0.5609748304808925,1,1,0,1,0,1,0,0
847,0,3,-0.30599503231887076,8,2,2.0316232164746784,0,5.64037224096421,0,1,0,1,0,1,0,0
848,0,3,0.4798469060919123,0,0,-0.7890040358414437,0,-0.5609748304808925,1,1,0,0,0,1,0,0
849,0,2,-0.07024245079563585,0,1,0.4373781533282692,0,0.059159876663617626,0,1,0,1,0,0,0,1
850,1,1,0.4798469060919123,1,0,2.0316232164746784,1,0.059159876663617626,0,0,0,0,0,0,1,0
851,0,3,-1.9562631029815152,4,2,0.35310901603977735,0,3.1598334123861687,0,1,0,1,0,0,0,0
852,0,3,2.267637315976444,0,0,-0.7949053180353277,0,-0.5609748304808925,1,1,0,1,0,1,0,0
853,0,3,-1.5633421337761237,1,1,-0.42994423348178334,0,0.6792945838081278,0,0,0,0,1,0,0,0
854,1,1,-1.0132527768885755,0,1,0.7500288655870212,1,0.059159876663617626,0,0,0,1,1,0,0,0
855,0,2,1.187104650661617,1,0,0.0954164367952591,0,0.059159876663617626,0,0,0,1,0,0,1,0
856,1,3,-0.8560843892064189,0,1,-0.7179639318154005,0,0.059159876663617626,0,0,0,1,0,0,1,0
857,1,1,1.2656888445026953,1,1,2.0316232164746784,0,0.6792945838081278,0,0,0,1,0,0,1,0
858,1,1,1.7371940075491652,0,0,0.12228485737999564,1,-0.5609748304808925,1,1,0,1,0,1,0,0
859,1,3,-0.38457922615994905,0,3,-0.23392689239768297,0,1.299429290952638,0,0,0,0,0,0,1,0
860,0,3,-0.30599503231887076,0,0,-0.8215685615901446,0,-0.5609748304808925,1,1,0,0,0,1,0,0
861,0,3,0.9513520691383821,2,0,-0.48551301241839745,0,0.6792945838081278,0,1,0,1,0,1,0,0
862,0,2,-0.620331807683184,1,0,-0.612932833165976,0,0.059159876663617626,0,1,0,1,0,1,0,0
863,1,1,1.5014414260259303,0,0,0.09195773829089673,1,-0.5609748304808925,1,0,0,1,0,0,1,0
864,0,3,-0.5810397107626448,8,2,2.0316232164746784,0,5.64037224096421,0,0,0,1,1,0,0,0
865,0,2,-0.38457922615994905,0,0,-0.539655322480331,0,-0.5609748304808925,1,1,0,1,0,1,0,0
866,1,2,1.0299362629794604,0,0,-0.539655322480331,0,-0.5609748304808925,1,0,0,1,0,0,1,0
867,1,2,-0.14882664463671416,1,0,-0.4977259308660049,0,0.059159876663617626,0,0,0,0,1,0,0,0
868,0,1,0.16551013072759907,0,0,1.2920772676308747,1,-0.5609748304808925,1,1,0,1,0,1,0,0
869,0,3,-0.30599503231887076,0,0,-0.710636180746836,0,-0.5609748304808925,1,1,0,1,0,1,0,0
870,1,3,-1.9562631029815152,1,1,-0.6308467419449267,0,0.6792945838081278,0,1,0,1,0,0,0,0
871,0,3,-0.22741083847779245,0,0,-0.7890040358414437,0,-0.5609748304808925,1,1,0,1,0,1,0,0
872,1,1,1.422857232184852,1,1,1.3926335529610958,1,0.6792945838081278,0,0,0,1,0,0,1,0
873,0,1,0.3226785184097557,0,0,-0.9304687128037711,1,-0.5609748304808925,1,1,0,1,0,1,0,0
874,0,3,1.422857232184852,0,0,-0.735062017642051,0,-0.5609748304808925,1,1,0,1,0,1,0,0
875,1,2,-0.07024245079563585,1,0,-0.002286910785600916,0,0.059159876663617626,0,0,0,0,0,0,1,0
876,1,3,-1.0918369707296538,0,0,-0.8217737386200644,0,-0.5609748304808925,1,0,0,0,1,0,0,0
877,0,3,-0.6989160015242623,0,0,-0.6937432719501053,0,-0.5609748304808925,1,1,0,1,0,1,0,0
878,0,3,-0.7775001953653405,0,0,-0.7890040358414437,0,-0.5609748304808925,1,1,0,1,0,1,0,0
879,0,3,-0.30599503231887076,0,0,-0.7890040358414437,0,-0.5609748304808925,1,1,0,1,0,1,0,0
880,1,1,2.1301149767545566,0,1,2.0316232164746784,1,0.059159876663617626,0,0,0,0,0,0,1,0
881,1,2,-0.30599503231887076,0,1,0.0954164367952591,0,0.059159876663617626,0,0,0,1,0,0,1,0
882,0,3,0.3226785184097557,0,0,-0.7890040358414437,0,-0.5609748304808925,1,1,0,1,0,1,0,0
883,0,3,-0.5417476138421057,0,0,-0.6609686840041058,0,-0.5609748304808925,1,0,0,1,1,0,0,0
884,0,2,-0.07024245079563585,0,0,-0.661784506956406,0,-0.5609748304808925,1,1,0,1,0,1,0,0
885,0,3,-0.30599503231887076,0,0,-0.8303227815333896,0,-0.5609748304808925,1,1,0,1,0,1,0,0
886,0,3,0.7941836814562255,0,5,0.24807791739035287,0,2.5396987052416584,0,0,1,0,0,0,1,0
887,0,2,-0.14882664463671416,0,0,-0.539655322480331,0,-0.5609748304808925,1,1,0,1,0,0,0,1
888,1,1,-0.7775001953653405,0,0,0.2908231319569791,1,-0.5609748304808925,1,0,0,1,1,0,0,0
889,0,3,-0.5810397107626448,1,2,-0.029155331370337455,0,1.299429290952638,0,0,0,1,1,0,0,0
890,1,1,-0.22741083847779245,0,0,0.2908231319569791,1,-0.5609748304808925,1,1,0,0,0,1,0,0
891,0,3,0.24409432456867738,0,0,-0.7961266098800885,0,-0.5609748304808925,1,1,1,0,0,1,0,0
