PassengerId,Survived,Pclass,Age,SibSp,Parch,Fare,FamilySize,Sex_male,Embarked_Q,Embarked_S,Title_Miss,Title_Mr,Title_Mrs,Title_Rare
693,1,3,-0.2518374998059894,0,0,1.5873126702865439,-0.5563385795422586,1,0,1,0,1,0,0
482,0,2,0.059337378041162764,0,0,-1.168780260647378,-0.5563385795422586,1,0,1,0,1,0,0
528,0,1,0.8372745726590431,0,0,2.0341987979955096,-0.5563385795422586,1,0,1,0,1,0,0
856,1,3,-0.8741872555002937,0,1,-0.7126495588211863,0.07341192703021858,0,0,1,0,0,1,0
802,1,2,0.1371310975029508,1,1,0.11180058672562043,0.7031624336026958,0,0,1,0,0,1,0
653,0,3,-0.6408060971149296,0,0,-0.7573698812130655,-0.5563385795422586,1,0,1,0,1,0,0
510,1,3,-0.2518374998059894,0,0,1.5873126702865439,-0.5563385795422586,1,0,1,0,1,0,0
558,0,1,0.8372745726590431,0,0,2.0341987979955096,-0.5563385795422586,1,0,0,0,1,0,0
829,1,3,-0.2518374998059894,0,0,-0.790704010470588,-0.5563385795422586,1,1,0,0,1,0,0
19,0,3,0.1371310975029508,1,0,-0.29066767959160766,0.07341192703021858,0,0,1,0,0,1,0
648,1,1,2.0819740840476517,0,0,0.5630528853237247,-0.5563385795422586,1,0,0,0,0,0,1
403,0,3,-0.6408060971149296,1,0,-0.6894771434877701,0.07341192703021858,0,0,1,1,0,0,0
847,0,3,-0.2518374998059894,8,2,2.0341987979955096,5.741166486182514,1,0,1,0,1,0,0
468,0,1,2.0819740840476517,0,0,0.1264357964098833,-0.5563385795422586,1,0,1,0,1,0,0
52,0,3,-0.6408060971149296,0,0,-0.7882648088565443,-0.5563385795422586,1,0,1,0,1,0,0
413,1,1,0.2927185364265269,1,0,2.0341987979955096,0.07341192703021858,0,1,0,1,0,0,0
422,0,3,-0.6408060971149296,0,0,-0.7915187038096787,-0.5563385795422586,1,1,0,0,1,0,0
251,0,3,-0.2518374998059894,0,0,-0.8150960266110261,-0.5563385795422586,1,0,1,0,1,0,0
819,0,3,1.0706557310444074,0,0,-0.8541232524357271,-0.5563385795422586,1,0,1,0,1,0,0
410,0,3,-0.6019092373840356,3,1,0.07358805424001012,1.9626634467476503,0,0,1,1,0,0,0
254,0,3,0.059337378041162764,1,0,-0.3833573409252723,0.07341192703021858,1,0,1,0,1,0,0
219,1,1,0.21492481696473884,0,0,2.0341987979955096,-0.5563385795422586,0,0,0,1,0,0,0
257,1,1,0.44830597535010297,0,0,2.0341987979955096,-0.5563385795422586,0,0,0,0,0,1,0
227,1,2,-0.7963935360385057,0,0,-0.6565479216981787,-0.5563385795422586,1,0,1,0,1,0,0
295,0,3,-0.4074249387295655,0,0,-0.7835912985640363,-0.5563385795422586,1,0,1,0,1,0,0
707,1,2,1.2262431699679834,0,0,-0.5101958248555503,-0.5563385795422586,0,0,1,0,0,1,0
754,0,3,-0.4852186581913535,0,0,-0.7835912985640363,-0.5563385795422586,1,0,1,0,1,0,0
198,0,3,0.9928620115826192,0,1,-0.758789496552439,0.07341192703021858,1,0,1,0,1,0,0
836,1,1,0.7594808531972551,1,1,2.0341987979955096,0.7031624336026958,0,0,0,1,0,0,0
221,1,3,-1.0297746944238697,0,0,-0.7760688007863252,-0.5563385795422586,1,0,1,0,1,0,0
740,0,3,-0.2518374998059894,0,0,-0.7835912985640363,-0.5563385795422586,1,0,1,0,1,0,0
34,0,2,2.412597391760251,0,0,-0.6565479216981787,-0.5563385795422586,1,0,1,0,1,0,0
431,1,1,-0.09625006088241332,0,0,0.1264357964098833,-0.5563385795422586,1,0,1,0,1,0,0
151,0,2,1.6930054867387117,0,0,-0.5577602563294045,-0.5563385795422586,1,0,1,0,0,0,1
587,0,2,1.3818306088915595,0,0,-0.4370197764342361,-0.5563385795422586,1,0,1,0,1,0,0
205,1,3,-0.8741872555002937,0,0,-0.7760688007863252,-0.5563385795422586,1,0,1,0,1,0,0
345,0,2,0.526099694811891,0,0,-0.5345878409959883,-0.5563385795422586,1,0,1,0,1,0,0
748,1,2,0.059337378041162764,0,0,-0.5345878409959883,-0.5563385795422586,0,0,1,1,0,0,0
324,1,2,-0.5630123776531416,1,1,0.2459566754980298,0.7031624336026958,0,0,1,0,0,1,0
265,0,3,-0.6019092373840356,0,0,-0.790704010470588,-0.5563385795422586,0,1,0,1,0,0,0
135,0,2,-0.32963121926777744,0,0,-0.5345878409959883,-0.5563385795422586,1,0,1,0,1,0,0
833,0,3,-0.2518374998059894,0,0,-0.8161107344824684,-0.5563385795422586,1,0,0,0,1,0,0
191,1,2,0.21492481696473884,0,0,-0.5345878409959883,-0.5563385795422586,0,0,1,0,0,1,0
108,1,3,-0.2518374998059894,0,0,-0.7894844096635663,-0.5563385795422586,1,0,1,0,1,0,0
193,1,3,-0.7963935360385057,1,0,-0.7856207143069208,0.07341192703021858,0,0,1,1,0,0,0
450,1,1,1.7707992062004996,0,0,0.319132723919344,-0.5563385795422586,1,0,1,0,0,0,1
97,0,1,2.412597391760251,0,0,0.5217913508205598,-0.5563385795422586,1,0,0,0,1,0,0
383,0,3,0.21492481696473884,0,0,-0.7821668048214347,-0.5563385795422586,1,0,1,0,1,0,0
716,0,3,-0.7963935360385057,0,0,-0.7955824136986758,-0.5563385795422586,1,0,1,0,1,0,0
365,0,3,-0.2518374998059894,1,0,-0.41262776029379805,0.07341192703021858,1,1,0,0,1,0,0
475,0,3,-0.5630123776531416,0,0,-0.6888673430842591,-0.5563385795422586,0,0,1,1,0,0,0
435,0,1,1.6152117672769235,1,0,1.5582471438535979,0.07341192703021858,1,0,1,0,1,0,0
64,0,3,-1.9632993279653264,3,2,0.19229423998906597,2.592413953320128,1,0,1,0,0,0,0
764,1,1,0.526099694811891,1,2,2.0341987979955096,1.3329129401751731,0,0,1,0,0,1,0
749,0,1,-0.7963935360385057,1,0,1.4216518534671447,0.07341192703021858,1,0,1,0,1,0,0
843,1,1,0.059337378041162764,0,0,0.34352474005978206,-0.5563385795422586,0,0,0,1,0,0,0
644,1,3,-0.2518374998059894,0,0,1.5873126702865439,-0.5563385795422586,1,0,1,0,1,0,0
366,0,3,0.059337378041162764,0,0,-0.8150960266110261,-0.5563385795422586,1,0,1,0,1,0,0
495,0,3,-0.6408060971149296,0,0,-0.7760688007863252,-0.5563385795422586,1,0,1,0,1,0,0
309,0,2,0.059337378041162764,1,0,0.0020365140936491224,0.07341192703021858,1,0,0,0,1,0,0
652,1,2,-0.8741872555002937,0,1,-0.04674751818722701,0.07341192703021858,0,0,1,1,0,0,0
303,0,3,-0.7963935360385057,0,0,-1.168780260647378,-0.5563385795422586,1,0,1,0,1,0,0
717,1,1,0.6816871337354671,0,0,2.0341987979955096,-0.5563385795422586,0,0,0,1,0,0,0
820,0,3,-1.4965370111945981,3,2,0.19229423998906597,2.592413953320128,1,0,1,0,0,0,0
733,0,2,0.059337378041162764,0,0,-1.168780260647378,-0.5563385795422586,1,0,1,0,1,0,0
252,0,3,-0.01845634142062528,1,1,-0.6583773229087115,0.7031624336026958,0,0,1,0,0,1,0
155,0,3,-0.2518374998059894,0,0,-0.8120470245934713,-0.5563385795422586,1,0,1,0,1,0,0
404,0,3,-0.09625006088241332,1,0,-0.3955533489954914,0.07341192703021858,1,0,1,0,1,0,0
611,0,3,0.7594808531972551,1,5,0.3569403489370229,3.222164459892605,0,0,1,0,0,1,0
206,0,3,-2.1188867668889024,0,1,-0.6583773229087115,0.07341192703021858,0,0,1,1,0,0,0
220,0,2,0.059337378041162764,0,0,-0.6565479216981787,-0.5563385795422586,1,0,1,0,1,0,0
694,0,3,-0.32963121926777744,0,0,-0.816315627418048,-0.5563385795422586,1,0,0,0,1,0,0
687,0,3,-1.1853621333474458,4,1,0.7673360204998935,2.592413953320128,1,0,1,0,1,0,0
384,1,1,0.44830597535010297,1,0,1.3679894179581809,0.07341192703021858,0,0,1,0,0,1,0
551,1,1,-0.9519809749620818,0,2,2.0341987979955096,0.7031624336026958,1,0,0,0,1,0,0
469,0,3,-0.2518374998059894,0,0,-0.7919236112776099,-0.5563385795422586,1,1,0,0,1,0,0
655,0,3,-0.8741872555002937,0,0,-0.8394880427514643,-0.5563385795422586,0,1,0,1,0,0,0
650,1,3,-0.4852186581913535,0,0,-0.8004608169267633,-0.5563385795422586,0,0,1,1,0,0,0
483,0,3,1.6152117672769235,0,0,-0.7760688007863252,-0.5563385795422586,1,0,1,0,1,0,0
743,1,1,-0.6408060971149296,2,2,2.0341987979955096,1.9626634467476503,0,0,0,1,0,0,0
196,1,1,2.237561522971228,0,0,2.0341987979955096,-0.5563385795422586,0,0,0,1,0,0,0
44,1,2,-2.0410930474271143,1,2,0.8596207743656269,1.3329129401751731,0,0,0,1,0,0,0
447,1,2,-1.263155852809234,0,1,-0.2174916311702935,0.07341192703021858,0,0,1,1,0,0,0
627,0,2,2.15976780350944,0,0,-0.5662974619785579,-0.5563385795422586,1,1,0,0,0,0,1
792,0,2,-1.0297746944238697,0,0,0.0996045786554014,-0.5563385795422586,1,0,1,0,1,0,0
33,1,3,-0.6019092373840356,0,0,-0.790704010470588,-0.5563385795422586,0,1,0,1,0,0,0
685,0,2,2.393148961894804,1,1,0.7337969983067911,0.7031624336026958,1,0,1,0,1,0,0
374,0,1,-0.5630123776531416,0,0,2.0341987979955096,-0.5563385795422586,1,0,0,0,1,0,0
419,0,2,0.059337378041162764,0,0,-0.5345878409959883,-0.5563385795422586,1,0,1,0,1,0,0
845,0,3,-0.9519809749620818,0,0,-0.7461885810142886,-0.5563385795422586,1,0,1,0,1,0,0
795,0,3,-0.32963121926777744,0,0,-0.7835912985640363,-0.5563385795422586,1,0,1,0,1,0,0
822,1,3,-0.17404378034420137,0,0,-0.7461885810142886,-0.5563385795422586,1,0,1,0,1,0,0
180,0,3,0.526099694811891,0,0,-1.168780260647378,-0.5563385795422586,1,0,1,0,1,0,0
416,0,3,-0.6019092373840356,0,0,-0.7760688007863252,-0.5563385795422586,0,0,1,0,0,1,0
368,1,3,-0.6019092373840356,0,0,-0.8161107344824684,-0.5563385795422586,0,0,0,0,0,1,0
714,0,3,-0.01845634142062528,0,0,-0.7061466473181455,-0.5563385795422586,1,0,1,0,1,0,0
538,1,1,0.059337378041162764,0,0,2.0341987979955096,-0.5563385795422586,0,0,0,1,0,0,0
78,0,3,-0.2518374998059894,0,0,-0.7760688007863252,-0.5563385795422586,1,0,1,0,1,0,0
156,0,1,1.6930054867387117,0,1,1.8255446135269742,0.07341192703021858,1,0,0,0,1,0,0
157,1,3,-1.0297746944238697,0,0,-0.7915187038096787,-0.5563385795422586,0,1,0,1,0,0,0
369,1,3,-0.6019092373840356,0,0,-0.790704010470588,-0.5563385795422586,0,1,0,1,0,0,0
382,1,3,-2.1966804863506906,0,2,-0.4008366596915103,0.7031624336026958,0,0,0,1,0,0,0
396,0,3,-0.5630123776531416,0,0,-0.788469701792124,-0.5563385795422586,1,0,1,0,1,0,0
129,1,3,-0.6019092373840356,1,1,-0.07805223170186523,0.7031624336026958,0,0,0,1,0,0,0
279,0,3,-1.7299181695799621,4,1,0.2520546795331393,2.592413953320128,1,1,0,0,0,0,0
299,1,1,0.8372745726590431,0,0,0.319132723919344,-0.5563385795422586,1,0,1,0,1,0,0
215,0,3,-0.2518374998059894,1,0,-0.790704010470588,0.07341192703021858,1,1,0,0,1,0,0
810,1,1,0.2927185364265269,1,0,1.4216518534671447,0.07341192703021858,0,0,1,0,0,1,0
51,0,3,-1.7299181695799621,4,1,0.7673360204998935,2.592413953320128,1,0,1,0,0,0,0
891,0,3,0.21492481696473884,0,0,-0.790704010470588,-0.5563385795422586,1,1,0,0,1,0,0
724,0,2,1.6152117672769235,0,0,-0.5345878409959883,-0.5563385795422586,1,0,1,0,1,0,0
233,0,2,2.315355242433016,0,0,-0.5101958248555503,-0.5563385795422586,1,0,1,0,1,0,0
35,0,1,-0.09625006088241332,1,0,2.0341987979955096,0.07341192703021858,1,0,0,0,1,0,0
46,0,3,-0.2518374998059894,0,0,-0.7760688007863252,-0.5563385795422586,1,0,1,0,1,0,0
695,0,1,2.393148961894804,0,0,0.1264357964098833,-0.5563385795422586,1,0,1,0,0,0,1
115,0,3,-0.9519809749620818,0,0,-0.46344608672078674,-0.5563385795422586,0,0,0,1,0,0,0
123,0,2,0.2538216766956329,1,0,0.2981946172643919,0.07341192703021858,1,0,0,0,1,0,0
628,1,1,-0.6408060971149296,0,0,2.0341987979955096,-0.5563385795422586,0,0,1,1,0,0,0
262,1,3,-2.0410930474271143,4,2,0.36242855256862155,3.222164459892605,1,0,1,0,0,0,0
239,0,2,-0.7963935360385057,0,0,-0.6565479216981787,-0.5563385795422586,1,0,1,0,1,0,0
438,1,2,-0.4074249387295655,2,3,-0.25407965538095056,2.592413953320128,0,0,1,0,0,1,0
586,1,1,-0.8741872555002937,0,2,2.0341987979955096,0.7031624336026958,0,0,1,1,0,0,0
797,1,1,1.5374180478151356,0,0,0.09615066916991544,-0.5563385795422586,0,0,1,0,0,0,1
255,0,3,0.9150682921208312,0,2,-0.1827330081701693,0.7031624336026958,0,0,1,0,0,1,0
287,1,3,0.059337378041162764,0,0,-0.7053319539790548,-0.5563385795422586,1,0,1,0,1,0,0
95,0,3,2.315355242433016,0,0,-0.8150960266110261,-0.5563385795422586,1,0,1,0,1,0,0
692,1,3,-1.9632993279653264,0,1,-0.5142595347445472,0.07341192703021858,0,0,0,1,0,0,0
141,0,3,-0.6019092373840356,0,2,-0.42502866129959677,0.7031624336026958,0,0,0,0,0,1,0
407,0,3,1.6930054867387117,0,0,-0.790704010470588,-0.5563385795422586,1,0,1,0,1,0,0
441,1,2,1.2262431699679834,1,1,0.11180058672562043,0.7031624336026958,0,0,1,0,0,1,0
425,0,3,-0.8741872555002937,1,1,-0.1827330081701693,0.7031624336026958,1,0,1,0,1,0,0
793,0,3,-0.6019092373840356,8,2,2.0341987979955096,5.741166486182514,0,0,1,1,0,0,0
613,1,3,-0.6019092373840356,1,0,-0.41262776029379805,0.07341192703021858,0,1,0,1,0,0,0
849,0,2,-0.09625006088241332,0,1,0.44109280462153433,0.07341192703021858,1,0,1,0,0,0,1
153,0,3,2.043077224316758,0,0,-0.7760688007863252,-0.5563385795422586,1,0,1,0,1,0,0
119,0,1,-0.4074249387295655,0,1,2.0341987979955096,0.07341192703021858,1,0,0,0,1,0,0
634,0,1,0.8372745726590431,0,0,-1.168780260647378,-0.5563385795422586,1,0,1,0,1,0,0
348,1,3,-0.6019092373840356,1,0,-0.3833573409252723,0.07341192703021858,0,0,1,0,0,1,0
784,0,3,-0.2518374998059894,1,2,-0.024794703660832786,1.3329129401751731,1,0,1,0,1,0,0
160,0,3,-0.2518374998059894,8,2,2.0341987979955096,5.741166486182514,1,0,1,0,0,0,0
134,1,2,-0.01845634142062528,1,0,0.0996045786554014,0.07341192703021858,0,0,1,0,0,1,0
269,1,1,2.237561522971228,0,1,2.0341987979955096,0.07341192703021858,0,0,1,0,0,1,0
3,1,3,-0.2518374998059894,0,0,-0.7821668048214347,-0.5563385795422586,0,0,1,1,0,0,0
524,1,1,1.1484494505061953,0,1,1.6596789037719955,0.07341192703021858,0,0,0,0,0,1,0
599,0,3,-0.2518374998059894,0,0,-0.816315627418048,-0.5563385795422586,1,0,0,0,1,0,0
770,0,3,0.21492481696473884,0,0,-0.7608237906985514,-0.5563385795422586,1,0,1,0,1,0,0
620,0,2,-0.2518374998059894,0,0,-0.6565479216981787,-0.5563385795422586,1,0,1,0,1,0,0
575,0,3,-1.0297746944238697,0,0,-0.7760688007863252,-0.5563385795422586,1,0,1,0,1,0,0
380,0,3,-0.7963935360385057,0,0,-0.7894844096635663,-0.5563385795422586,1,0,1,0,1,0,0
657,0,3,-0.2518374998059894,0,0,-0.7835912985640363,-0.5563385795422586,1,0,1,0,1,0,0
772,0,3,1.4596243283533474,0,0,-0.7856207143069208,-0.5563385795422586,1,0,1,0,1,0,0
261,0,3,-0.2518374998059894,0,0,-0.790704010470588,-0.5563385795422586,1,1,0,0,1,0,0
481,0,3,-1.574330730656386,5,2,1.1191908533257127,3.851914966465082,1,0,1,0,0,0,0
231,1,1,0.44830597535010297,1,0,2.0341987979955096,0.07341192703021858,0,0,1,0,0,1,0
126,1,3,-1.340949572271022,1,0,-0.6203648049554529,0.07341192703021858,1,0,0,0,0,0,0
397,0,3,0.1371310975029508,0,0,-0.7856207143069208,-0.5563385795422586,0,0,1,1,0,0,0
867,1,2,-0.17404378034420137,1,0,-0.4927165060893124,0.07341192703021858,0,0,0,1,0,0,0
780,1,1,1.0706557310444074,0,1,2.0341987979955096,0.07341192703021858,0,0,1,0,0,1,0
768,0,3,0.09823423777205678,0,0,-0.790704010470588,-0.5563385795422586,0,1,0,1,0,0,0
462,0,3,0.37051225588831493,0,0,-0.7760688007863252,-0.5563385795422586,1,0,1,0,1,0,0
467,0,2,0.059337378041162764,0,0,-1.168780260647378,-0.5563385795422586,1,0,1,0,1,0,0
735,0,2,-0.4852186581913535,0,0,-0.5345878409959883,-0.5563385795422586,1,0,1,0,1,0,0
395,1,3,-0.4074249387295655,0,2,-0.3540869215567467,0.7031624336026958,0,0,1,0,0,1,0
706,0,2,0.7594808531972551,0,0,0.0996045786554014,-0.5563385795422586,1,0,1,0,1,0,0
346,1,2,-0.4074249387295655,0,0,-0.5345878409959883,-0.5563385795422586,0,0,1,1,0,0,0
553,0,3,-0.2518374998059894,0,0,-0.7868403151139427,-0.5563385795422586,1,1,0,0,1,0,0
470,1,3,-2.2161289162161375,2,1,-0.22928273177258132,1.3329129401751731,0,0,0,1,0,0,0
723,0,2,0.37051225588831493,0,0,-0.5345878409959883,-0.5563385795422586,1,0,1,0,1,0,0
351,0,3,-0.4852186581913535,0,0,-0.7187475628562958,-0.5563385795422586,1,0,1,0,1,0,0
433,1,2,0.9928620115826192,1,0,0.0996045786554014,0.07341192703021858,0,0,1,0,0,1,0
6,0,3,-0.2518374998059894,0,0,-0.7561502804060435,-0.5563385795422586,1,1,0,0,1,0,0
589,0,3,-0.5630123776531416,0,0,-0.7760688007863252,-0.5563385795422586,1,0,1,0,1,0,0
79,1,2,-2.2099054186591944,0,2,0.2459566754980298,0.7031624336026958,1,0,1,0,0,0,0
236,0,3,-0.6019092373840356,0,0,-0.8004608169267633,-0.5563385795422586,0,0,1,1,0,0,0
696,0,2,1.7707992062004996,0,0,-0.5101958248555503,-0.5563385795422586,1,0,1,0,1,0,0
722,0,3,-0.9519809749620818,1,0,-0.8246479401316216,0.07341192703021858,1,0,1,0,1,0,0
454,1,1,1.5374180478151356,1,0,2.0341987979955096,0.07341192703021858,1,0,0,0,1,0,0
415,1,3,1.1484494505061953,0,0,-0.7821668048214347,-0.5563385795422586,1,0,1,0,1,0,0
752,1,3,-1.8077118890417503,0,1,-0.5601994579434484,0.07341192703021858,1,0,1,0,0,0,0
546,0,1,2.412597391760251,0,0,0.0996045786554014,-0.5563385795422586,1,0,1,0,1,0,0
808,0,3,-0.8741872555002937,0,0,-0.7894844096635663,-0.5563385795422586,0,0,1,1,0,0,0
576,0,3,-0.7963935360385057,0,0,-0.4614117925746742,-0.5563385795422586,1,0,1,0,1,0,0
94,0,3,-0.2518374998059894,1,2,-0.1650487964683517,1.3329129401751731,1,0,1,0,1,0,0
315,0,2,1.0706557310444074,1,1,0.11180058672562043,0.7031624336026958,1,0,1,0,1,0,0
518,0,3,-0.2518374998059894,0,0,0.009354118935780474,-0.5563385795422586,1,1,0,0,1,0,0
817,0,3,-0.4852186581913535,0,0,-0.7821668048214347,-0.5563385795422586,0,0,1,1,0,0,0
267,0,3,-1.0297746944238697,4,1,0.7673360204998935,2.592413953320128,1,0,1,0,1,0,0
541,1,1,0.526099694811891,0,2,2.0341987979955096,0.7031624336026958,0,0,1,1,0,0,0
357,1,1,-0.5630123776531416,0,1,1.5143415148008093,0.07341192703021858,0,0,1,1,0,0,0
878,0,3,-0.7963935360385057,0,0,-0.7835912985640363,-0.5563385795422586,1,0,1,0,1,0,0
359,1,3,-0.6019092373840356,0,0,-0.7844011134998988,-0.5563385795422586,0,1,0,1,0,0,0
874,0,3,1.3818306088915595,0,0,-0.7297239701194929,-0.5563385795422586,1,0,1,0,1,0,0
162,1,2,0.8372745726590431,0,0,-0.400431752223579,-0.5563385795422586,0,0,1,0,0,1,0
114,0,3,-0.7185998165767177,1,0,-0.6894771434877701,0.07341192703021858,0,0,1,1,0,0,0
519,1,2,0.526099694811891,1,0,0.0996045786554014,0.07341192703021858,0,0,1,0,0,1,0
176,0,3,-0.8741872555002937,1,1,-0.7856207143069208,0.7031624336026958,1,0,1,0,1,0,0
758,0,2,-0.8741872555002937,0,0,-0.6077638894173025,-0.5563385795422586,1,0,1,0,1,0,0
75,1,3,0.21492481696473884,0,0,1.5873126702865439,-0.5563385795422586,1,0,1,0,1,0,0
131,0,3,0.2927185364265269,0,0,-0.7835912985640363,-0.5563385795422586,1,0,0,0,1,0,0
605,1,1,0.44830597535010297,0,0,0.1264357964098833,-0.5563385795422586,1,0,0,0,1,0,0
439,0,1,2.412597391760251,1,4,2.0341987979955096,2.592413953320128,1,0,1,0,1,0,0
263,0,1,1.7707992062004996,1,1,2.0341987979955096,0.7031624336026958,1,0,1,0,1,0,0
859,1,3,-0.4074249387295655,0,3,-0.22928273177258132,1.3329129401751731,0,0,0,0,0,1,0
327,0,3,2.412597391760251,0,0,-0.8644898592954132,-0.5563385795422586,1,0,1,0,1,0,0
235,0,2,-0.4074249387295655,0,0,-0.6565479216981787,-0.5563385795422586,1,0,1,0,1,0,0
669,0,3,1.0706557310444074,0,0,-0.7760688007863252,-0.5563385795422586,1,0,1,0,1,0,0
517,1,2,0.37051225588831493,0,0,-0.6565479216981787,-0.5563385795422586,0,0,1,0,0,1,0
484,1,3,2.412597391760251,0,0,-0.7010633511544782,-0.5563385795422586,0,0,1,0,0,1,0
642,1,1,-0.4074249387295655,0,0,2.0341987979955096,-0.5563385795422586,0,0,0,1,0,0,0
2,1,1,0.6816871337354671,1,0,2.0341987979955096,0.07341192703021858,0,0,0,0,0,1,0
492,0,3,-0.6408060971149296,0,0,-0.8150960266110261,-0.5563385795422586,1,0,1,0,1,0,0
857,1,1,1.2262431699679834,1,1,2.0341987979955096,0.7031624336026958,0,0,1,0,0,1,0
87,0,3,-1.0297746944238697,1,3,0.508170849007739,1.9626634467476503,1,0,1,0,1,0,0
665,1,3,-0.7185998165767177,1,0,-0.7821668048214347,0.07341192703021858,1,0,1,0,1,0,0
182,0,2,0.059337378041162764,0,0,-0.43458057482019224,-0.5563385795422586,1,0,0,0,1,0,0
639,0,3,0.9150682921208312,0,5,0.7673360204998935,2.592413953320128,0,0,1,0,0,1,0
214,0,2,0.059337378041162764,0,0,-0.5345878409959883,-0.5563385795422586,1,0,1,0,1,0,0
91,0,3,-0.01845634142062528,0,0,-0.7760688007863252,-0.5563385795422586,1,0,1,0,1,0,0
375,0,3,-2.0410930474271143,3,1,-0.14065678032791362,1.9626634467476503,0,0,1,1,0,0,0
194,1,2,-2.0410930474271143,1,1,0.0996045786554014,0.7031624336026958,1,0,1,0,0,0,0
250,0,2,1.9263866451240756,1,0,0.0996045786554014,0.07341192703021858,1,0,1,0,0,0,1
393,0,3,-0.09625006088241332,2,0,-0.7821668048214347,0.7031624336026958,1,0,1,0,1,0,0
664,0,3,0.526099694811891,0,0,-0.8031049114763869,-0.5563385795422586,1,0,1,0,1,0,0
461,1,1,1.4596243283533474,0,0,0.1264357964098833,-0.5563385795422586,1,0,1,0,1,0,0
798,1,3,0.1371310975029508,0,0,-0.7451738731428464,-0.5563385795422586,0,0,1,0,0,1,0
871,0,3,-0.2518374998059894,0,0,-0.7835912985640363,-0.5563385795422586,1,0,1,0,1,0,0
177,0,3,-0.2518374998059894,3,1,0.07358805424001012,1.9626634467476503,1,0,1,0,0,0,0
804,1,3,-2.2418008436385275,0,1,-0.7533012929208404,0.07341192703021858,1,0,0,0,0,0,0
247,0,3,-0.32963121926777744,0,0,-0.7894844096635663,-0.5563385795422586,0,0,1,1,0,0,0
476,0,1,0.8372745726590431,0,0,1.3679894179581809,-0.5563385795422586,1,0,1,0,1,0,0
472,0,3,0.6816871337354671,0,0,-0.7461885810142886,-0.5563385795422586,1,0,1,0,1,0,0
122,0,3,-0.2518374998059894,0,0,-0.7760688007863252,-0.5563385795422586,1,0,1,0,1,0,0
710,1,3,-0.2518374998059894,1,1,-0.42502866129959677,0.7031624336026958,1,0,0,0,0,0,0
353,0,3,-1.1075684138856579,1,1,-0.8161107344824684,0.7031624336026958,1,0,0,0,1,0,0
21,0,2,0.44830597535010297,0,0,0.0996045786554014,-0.5563385795422586,1,0,1,0,1,0,0
668,0,3,-0.2518374998059894,0,0,-0.7894844096635663,-0.5563385795422586,1,0,1,0,1,0,0
140,0,1,-0.4074249387295655,0,0,2.0341987979955096,-0.5563385795422586,1,0,0,0,1,0,0
584,0,1,0.526099694811891,0,0,0.7886790346227768,-0.5563385795422586,1,0,0,0,1,0,0
555,1,3,-0.5630123776531416,0,0,-0.7894844096635663,-0.5563385795422586,0,0,1,1,0,0,0
661,1,1,1.6152117672769235,2,0,2.0341987979955096,0.7031624336026958,1,0,1,0,0,0,1
614,0,3,-0.2518374998059894,0,0,-0.790704010470588,-0.5563385795422586,1,1,0,0,1,0,0
204,0,3,1.2651400296988773,0,0,-0.816315627418048,-0.5563385795422586,1,0,0,0,1,0,0
720,0,3,0.2927185364265269,0,0,-0.7894844096635663,-0.5563385795422586,1,0,1,0,1,0,0
647,0,3,-0.7963935360385057,0,0,-0.7835912985640363,-0.5563385795422586,1,0,1,0,1,0,0
229,0,2,-0.8741872555002937,0,0,-0.5345878409959883,-0.5563385795422586,1,0,1,0,1,0,0
209,1,3,-1.0297746944238697,0,0,-0.790704010470588,-0.5563385795422586,0,1,0,1,0,0,0
741,1,1,0.8372745726590431,0,0,0.29474070777890593,-0.5563385795422586,1,0,1,0,1,0,0
840,1,1,0.8372745726590431,0,0,0.2801054980946431,-0.5563385795422586,1,0,0,0,1,0,0
646,1,1,1.4596243283533474,1,0,2.0341987979955096,0.07341192703021858,1,0,0,0,1,0,0
522,0,3,-0.5630123776531416,0,0,-0.7835912985640363,-0.5563385795422586,1,0,1,0,1,0,0
783,0,1,-0.01845634142062528,0,0,0.29474070777890593,-0.5563385795422586,1,0,1,0,1,0,0
169,0,1,0.8372745726590431,0,0,0.09594577623433571,-0.5563385795422586,1,0,1,0,1,0,0
333,0,1,0.6816871337354671,0,1,2.0341987979955096,0.07341192703021858,1,0,1,0,1,0,0
697,0,3,1.1484494505061953,0,0,-0.7760688007863252,-0.5563385795422586,1,0,1,0,1,0,0
408,1,2,-2.0410930474271143,1,1,-0.25407965538095056,0.7031624336026958,1,0,1,0,0,0,0
701,1,1,-0.8741872555002937,1,0,2.0341987979955096,0.07341192703021858,0,0,0,0,0,1,0
506,0,1,-0.8741872555002937,1,0,2.0341987979955096,0.07341192703021858,1,0,0,0,1,0,0
769,0,3,-0.2518374998059894,1,0,0.009354118935780474,0.07341192703021858,1,1,0,0,1,0,0
8,0,3,-2.1188867668889024,3,1,-0.14065678032791362,1.9626634467476503,1,0,1,0,0,0,0
738,1,1,0.44830597535010297,0,0,2.0341987979955096,-0.5563385795422586,1,0,0,0,1,0,0
852,0,3,2.412597391760251,0,0,-0.7894844096635663,-0.5563385795422586,1,0,1,0,1,0,0
674,1,2,0.1371310975029508,0,0,-0.5345878409959883,-0.5563385795422586,1,0,1,0,1,0,0
736,0,3,-0.0573532011515193,0,0,-0.3833573409252723,-0.5563385795422586,1,0,1,0,1,0,0
175,0,1,2.0819740840476517,0,0,0.3286846374399395,-0.5563385795422586,1,0,0,0,1,0,0
705,0,3,-0.2518374998059894,1,0,-0.7856207143069208,0.07341192703021858,1,0,1,0,1,0,0
570,1,3,0.21492481696473884,0,0,-0.7856207143069208,-0.5563385795422586,1,0,1,0,1,0,0
37,1,3,-0.2518374998059894,0,0,-0.8161107344824684,-0.5563385795422586,1,0,0,0,1,0,0
210,1,1,0.8372745726590431,0,0,0.34352474005978206,-0.5563385795422586,1,0,0,0,1,0,0
682,1,1,-0.17404378034420137,0,0,2.0341987979955096,-0.5563385795422586,1,0,0,0,1,0,0
719,0,3,-0.2518374998059894,0,0,-0.41262776029379805,-0.5563385795422586,1,1,0,0,1,0,0
109,0,3,0.6816871337354671,0,0,-0.7835912985640363,-0.5563385795422586,1,0,1,0,1,0,0
165,0,3,-2.1966804863506906,4,1,0.7673360204998935,2.592413953320128,1,0,1,0,0,0,0
675,0,2,0.059337378041162764,0,0,-1.168780260647378,-0.5563385795422586,1,0,1,0,1,0,0
389,0,3,-0.2518374998059894,0,0,-0.7917187183420303,-0.5563385795422586,1,1,0,0,1,0,0
756,1,2,-2.22235241377308,1,1,-0.4614117925746742,0.7031624336026958,1,0,1,0,0,0,0
47,0,3,-0.2518374998059894,1,0,-0.41262776029379805,0.07341192703021858,1,1,0,0,1,0,0
480,1,3,-2.1188867668889024,0,1,-0.5693464639961127,0.07341192703021858,0,0,1,1,0,0,0
678,1,3,-0.8741872555002937,0,0,-0.6886624501486794,-0.5563385795422586,0,0,1,1,0,0,0
766,1,1,1.6930054867387117,1,0,2.0341987979955096,0.07341192703021858,0,0,1,0,0,1,0
362,0,2,-0.01845634142062528,1,0,0.18355214140433307,0.07341192703021858,1,0,0,0,1,0,0
598,0,3,1.5374180478151356,0,0,-1.168780260647378,-0.5563385795422586,1,0,1,0,1,0,0
771,0,3,-0.4074249387295655,0,0,-0.7053319539790548,-0.5563385795422586,1,0,1,0,1,0,0
329,1,3,0.1371310975029508,1,1,-0.1674879980823955,0.7031624336026958,0,0,1,0,0,1,0
277,0,3,1.2262431699679834,0,0,-0.790704010470588,-0.5563385795422586,0,0,1,1,0,0,0
637,0,3,0.21492481696473884,0,0,-0.7821668048214347,-0.5563385795422586,1,0,1,0,1,0,0
703,0,3,-0.8741872555002937,0,1,-0.46364610125313827,0.07341192703021858,0,0,0,1,0,0,0
855,0,2,1.1484494505061953,1,0,0.0996045786554014,0.07341192703021858,0,0,1,0,0,1,0
872,1,1,1.3818306088915595,1,1,1.3950255286482425,0.7031624336026958,0,0,1,0,0,1,0
149,0,2,0.5649965545427851,0,2,0.0996045786554014,0.7031624336026958,1,0,1,0,1,0,0
179,0,2,0.059337378041162764,0,0,-0.5345878409959883,-0.5563385795422586,1,0,1,0,1,0,0
718,1,2,-0.17404378034420137,0,0,-0.6565479216981787,-0.5563385795422586,0,0,1,1,0,0,0
82,1,3,-0.01845634142062528,0,0,-0.7053319539790548,-0.5563385795422586,1,0,1,0,1,0,0
494,0,1,2.412597391760251,0,0,1.24623423019157,-0.5563385795422586,1,0,0,0,1,0,0
821,1,1,1.7707992062004996,1,1,2.0341987979955096,0.7031624336026958,0,0,1,0,0,1,0
679,0,3,1.0706557310444074,1,6,1.1191908533257127,3.851914966465082,0,0,1,0,0,1,0
288,0,3,-0.5630123776531416,0,0,-0.7835912985640363,-0.5563385795422586,1,0,1,0,1,0,0
331,1,3,-0.6019092373840356,2,0,-0.03455151011700798,0.7031624336026958,0,1,0,1,0,0,0
167,1,1,0.44830597535010297,0,1,1.5143415148008093,0.07341192703021858,0,0,1,0,0,1,0
629,0,3,-0.2518374998059894,0,0,-0.7835912985640363,-0.5563385795422586,1,0,1,0,1,0,0
730,0,3,-0.32963121926777744,1,0,-0.7821668048214347,0.07341192703021858,0,0,1,1,0,0,0
816,0,1,0.8372745726590431,0,0,-1.168780260647378,-0.5563385795422586,1,0,1,0,1,0,0
319,1,1,0.1371310975029508,0,2,2.0341987979955096,0.7031624336026958,0,0,1,1,0,0,0
339,1,3,1.2262431699679834,0,0,-0.7760688007863252,-0.5563385795422586,1,0,1,0,1,0,0
321,0,3,-0.5630123776531416,0,0,-0.8150960266110261,-0.5563385795422586,1,0,1,0,1,0,0
53,1,1,1.5374180478151356,1,0,2.0341987979955096,0.07341192703021858,0,0,0,0,0,1,0
609,1,2,-0.5630123776531416,1,2,0.8596207743656269,1.3329129401751731,0,0,0,0,0,1,0
185,1,3,-1.9632993279653264,0,2,-0.09431194966108132,0.7031624336026958,0,0,1,1,0,0,0
256,1,3,-0.01845634142062528,0,2,-0.42502866129959677,0.7031624336026958,0,0,0,0,0,1,0
801,0,2,0.37051225588831493,0,0,-0.5345878409959883,-0.5563385795422586,1,0,1,0,1,0,0
863,1,1,1.4596243283533474,0,0,0.09615066916991544,-0.5563385795422586,0,0,1,0,0,1,0
42,0,2,-0.17404378034420137,1,0,-0.1443155827489793,0.07341192703021858,0,0,1,0,0,1,0
514,1,1,1.9263866451240756,1,0,1.7289912568366643,0.07341192703021858,0,0,0,0,0,1,0
548,1,2,0.059337378041162764,0,0,-0.49251161315373265,-0.5563385795422586,1,0,0,0,1,0,0
547,1,2,-0.7963935360385057,1,0,0.0996045786554014,0.07341192703021858,0,0,1,0,0,1,0
152,1,1,-0.5630123776531416,1,0,2.0341987979955096,0.07341192703021858,0,0,1,0,0,1,0
332,0,1,1.2651400296988773,0,0,0.22156465935759173,-0.5563385795422586,1,0,1,0,1,0,0
65,0,1,0.8372745726590431,0,0,0.18355214140433307,-0.5563385795422586,1,0,0,0,1,0,0
834,0,3,-0.4852186581913535,0,0,-0.7856207143069208,-0.5563385795422586,1,0,1,0,1,0,0
489,0,3,0.059337378041162764,0,0,-0.7760688007863252,-0.5563385795422586,1,0,1,0,1,0,0
532,0,3,-0.2518374998059894,0,0,-0.8161107344824684,-0.5563385795422586,1,0,0,0,1,0,0
406,0,2,0.37051225588831493,1,0,-0.1443155827489793,0.07341192703021858,1,0,1,0,1,0,0
745,1,3,0.1371310975029508,0,0,-0.7821668048214347,-0.5563385795422586,1,0,1,0,1,0,0
202,0,3,-0.2518374998059894,8,2,2.0341987979955096,5.741166486182514,1,0,1,0,1,0,0
361,0,3,0.8372745726590431,1,4,0.19229423998906597,2.592413953320128,1,0,1,0,1,0,0
48,1,3,-0.6019092373840356,0,0,-0.790704010470588,-0.5563385795422586,0,1,0,1,0,0,0
71,0,2,0.21492481696473884,0,0,-0.6565479216981787,-0.5563385795422586,1,0,1,0,1,0,0
683,0,3,-0.7185998165767177,0,0,-0.7187475628562958,-0.5563385795422586,1,0,1,0,1,0,0
378,0,1,-0.17404378034420137,0,2,2.0341987979955096,0.7031624336026958,1,0,0,0,1,0,0
124,1,2,0.2538216766956329,0,0,-0.5345878409959883,-0.5563385795422586,0,0,1,1,0,0,0
195,1,1,1.1484494505061953,0,0,0.18355214140433307,-0.5563385795422586,0,0,0,0,0,1,0
136,0,2,-0.4852186581913535,0,0,-0.434785467755772,-0.5563385795422586,1,0,0,0,1,0,0
617,0,3,0.37051225588831493,1,1,-0.46629019580276176,0.7031624336026958,1,0,1,0,1,0,0
544,1,2,0.21492481696473884,1,0,0.0996045786554014,0.07341192703021858,1,0,1,0,1,0,0
446,1,1,-1.9632993279653264,0,2,2.0341987979955096,0.7031624336026958,1,0,1,0,0,0,0
120,0,3,-2.1188867668889024,4,2,0.3569403489370229,3.222164459892605,0,0,1,1,0,0,0
414,0,2,0.059337378041162764,0,0,-1.168780260647378,-0.5563385795422586,1,0,1,0,1,0,0
344,0,2,-0.32963121926777744,0,0,-0.5345878409959883,-0.5563385795422586,1,0,1,0,1,0,0
90,0,3,-0.4074249387295655,0,0,-0.7760688007863252,-0.5563385795422586,1,0,1,0,1,0,0
837,0,3,-0.6408060971149296,0,0,-0.7461885810142886,-0.5563385795422586,1,0,1,0,1,0,0
440,0,2,0.1371310975029508,0,0,-0.6565479216981787,-0.5563385795422586,1,0,1,0,1,0,0
318,0,2,1.9263866451240756,0,0,-0.48580380871511225,-0.5563385795422586,1,0,1,0,0,0,1
86,1,3,0.2927185364265269,3,0,-0.3955533489954914,1.3329129401751731,0,0,1,0,0,1,0
734,0,2,-0.4852186581913535,0,0,-0.5345878409959883,-0.5563385795422586,1,0,1,0,1,0,0
146,0,2,-0.7963935360385057,1,1,0.6240329256748198,0.7031624336026958,1,0,1,0,1,0,0
281,0,3,2.412597391760251,0,0,-0.790704010470588,-0.5563385795422586,1,1,0,0,1,0,0
491,0,3,-0.2518374998059894,1,0,-0.19472412330480862,0.07341192703021858,1,0,1,0,1,0,0
866,1,2,0.9928620115826192,0,0,-0.5345878409959883,-0.5563385795422586,0,0,1,0,0,1,0
145,0,2,-0.8741872555002937,0,0,-0.6077638894173025,-0.5563385795422586,1,0,1,0,1,0,0
222,0,2,-0.17404378034420137,0,0,-0.5345878409959883,-0.5563385795422586,1,0,1,0,1,0,0
125,0,1,1.9263866451240756,0,1,2.0341987979955096,0.07341192703021858,1,0,1,0,1,0,0
525,0,3,-0.2518374998059894,0,0,-0.8161107344824684,-0.5563385795422586,1,0,0,0,1,0,0
111,0,1,1.3818306088915595,0,0,1.3679894179581809,-0.5563385795422586,1,0,1,0,1,0,0
60,0,3,-1.41874329173281,5,2,1.1191908533257127,3.851914966465082,1,0,1,0,0,0,0
121,0,2,-0.6408060971149296,2,0,2.0341987979955096,0.7031624336026958,1,0,1,0,1,0,0
243,0,2,-0.01845634142062528,0,0,-0.6565479216981787,-0.5563385795422586,1,0,1,0,1,0,0
812,0,3,0.7594808531972551,0,0,0.009354118935780474,-0.5563385795422586,1,0,1,0,1,0,0
886,0,3,0.7594808531972551,0,5,0.2520546795331393,2.592413953320128,0,1,0,0,0,1,0
606,0,3,0.526099694811891,1,0,-0.4101885586797542,0.07341192703021858,1,0,1,0,1,0,0
308,1,1,-0.9519809749620818,1,0,2.0341987979955096,0.07341192703021858,0,0,0,0,0,1,0
159,0,3,-0.2518374998059894,0,0,-0.7461885810142886,-0.5563385795422586,1,0,1,0,1,0,0
543,0,3,-1.41874329173281,4,2,0.3569403489370229,3.222164459892605,0,0,1,1,0,0,0
133,0,3,1.3818306088915595,1,0,-0.4614117925746742,0.07341192703021858,0,0,1,0,0,1,0
285,0,1,0.8372745726590431,0,0,0.0996045786554014,-0.5563385795422586,1,0,1,0,1,0,0
26,1,3,0.6816871337354671,1,5,0.36242855256862155,3.222164459892605,0,0,1,0,0,1,0
304,1,2,-0.01845634142062528,0,0,-0.5662974619785579,-0.5563385795422586,0,1,0,1,0,0,0
888,1,1,-0.7963935360385057,0,0,0.29474070777890593,-0.5563385795422586,0,0,1,1,0,0,0
557,1,1,1.4596243283533474,1,0,0.7630674176753169,0.07341192703021858,0,0,0,0,0,0,1
779,0,3,-0.2518374998059894,0,0,-0.791313810874099,-0.5563385795422586,1,1,0,0,1,0,0
32,1,1,0.44830597535010297,1,0,2.0341987979955096,0.07341192703021858,0,0,0,0,0,1,0
264,0,1,0.8372745726590431,0,0,-1.168780260647378,-0.5563385795422586,1,0,1,0,1,0,0
806,0,3,0.1371310975029508,0,0,-0.7894844096635663,-0.5563385795422586,1,0,1,0,1,0,0
25,0,3,-1.6521244501181742,3,1,-0.14065678032791362,1.9626634467476503,0,0,1,1,0,0,0
208,1,3,-0.2518374998059894,0,0,-0.2522502541704177,-0.5563385795422586,1,0,0,0,1,0,0
656,0,2,-0.4074249387295655,2,0,2.0341987979955096,0.7031624336026958,1,0,1,0,1,0,0
61,0,3,-0.5630123776531416,0,0,-0.8161107344824684,-0.5563385795422586,1,0,0,0,1,0,0
751,1,2,-1.9632993279653264,1,1,-0.04674751818722701,0.7031624336026958,0,0,1,1,0,0,0
188,1,1,1.2262431699679834,0,0,0.1264357964098833,-0.5563385795422586,1,0,1,0,1,0,0
381,1,1,0.9928620115826192,0,0,2.0341987979955096,-0.5563385795422586,0,0,0,1,0,0,0
633,1,1,0.21492481696473884,0,0,0.319132723919344,-0.5563385795422586,1,0,0,0,0,0,1
223,0,3,1.6930054867387117,0,0,-0.7760688007863252,-0.5563385795422586,1,0,1,0,1,0,0
112,0,3,-1.146465273616552,1,0,-0.46364610125313827,0.07341192703021858,0,0,0,1,0,0,0
612,0,3,-0.2518374998059894,0,0,-0.8248528330672014,-0.5563385795422586,1,0,1,0,1,0,0
621,0,3,-0.17404378034420137,1,0,-0.46364610125313827,0.07341192703021858,1,0,0,0,1,0,0
712,0,1,0.8372745726590431,0,0,0.1264357964098833,-0.5563385795422586,1,0,1,0,1,0,0
788,0,3,-1.6521244501181742,4,1,0.2520546795331393,2.592413953320128,1,1,0,0,0,0,0
218,0,2,0.9928620115826192,1,0,0.14838861093627753,0.07341192703021858,1,0,1,0,1,0,0
320,1,1,0.8372745726590431,1,1,2.0341987979955096,0.7031624336026958,0,0,0,0,0,1,0
234,1,3,-1.8855056085035382,4,2,0.36242855256862155,3.222164459892605,0,0,1,1,0,0,0
607,0,3,0.059337378041162764,0,0,-0.7835912985640363,-0.5563385795422586,1,0,1,0,1,0,0
275,1,3,-0.6019092373840356,0,0,-0.790704010470588,-0.5563385795422586,0,1,0,1,0,0,0
172,0,3,-1.9632993279653264,4,1,0.2520546795331393,2.592413953320128,1,1,0,0,0,0,0
832,1,2,-2.2099054186591944,1,1,-0.25407965538095056,0.7031624336026958,1,0,1,0,0,0,0
427,1,2,-0.09625006088241332,1,0,0.0996045786554014,0.07341192703021858,0,0,1,0,0,1,0
379,0,3,-0.7185998165767177,0,0,-0.9730343311203626,-0.5563385795422586,1,0,0,0,1,0,0
27,0,3,-0.2518374998059894,0,0,-0.816315627418048,-0.5563385795422586,1,0,0,0,1,0,0
794,0,1,0.8372745726590431,0,0,0.3286846374399395,-0.5563385795422586,1,0,0,0,1,0,0
164,0,3,-0.9519809749620818,0,0,-0.7461885810142886,-0.5563385795422586,1,0,1,0,1,0,0
585,0,3,-0.2518374998059894,0,0,-0.7437493794002448,-0.5563385795422586,1,0,0,0,1,0,0
232,0,3,-0.01845634142062528,0,0,-0.7894844096635663,-0.5563385795422586,1,0,1,0,1,0,0
591,0,3,0.44830597535010297,0,0,-0.8211940306461356,-0.5563385795422586,1,0,1,0,1,0,0
814,0,3,-1.8077118890417503,4,2,0.3569403489370229,3.222164459892605,0,0,1,1,0,0,0
45,1,3,-0.7963935360385057,0,0,-0.7844011134998988,-0.5563385795422586,0,1,0,1,0,0,0
624,0,3,-0.6408060971149296,0,0,-0.7856207143069208,-0.5563385795422586,1,0,1,0,1,0,0
877,0,3,-0.7185998165767177,0,0,-0.6884624356163278,-0.5563385795422586,1,0,1,0,1,0,0
536,1,2,-1.7299181695799621,0,2,0.11180058672562043,0.7031624336026958,0,0,1,1,0,0,0
401,1,3,0.7594808531972551,0,0,-0.7821668048214347,-0.5563385795422586,1,0,1,0,1,0,0
74,0,3,-0.2518374998059894,1,0,-0.46364610125313827,0.07341192703021858,1,0,0,0,1,0,0
363,0,3,1.2262431699679834,0,1,-0.46364610125313827,0.07341192703021858,0,0,0,0,0,1,0
549,0,3,0.2927185364265269,1,1,-0.1674879980823955,0.7031624336026958,1,0,1,0,1,0,0
341,1,2,-2.1188867668889024,1,1,0.0996045786554014,0.7031624336026958,1,0,1,0,0,0,0
850,1,1,0.44830597535010297,1,0,2.0341987979955096,0.07341192703021858,0,0,0,0,0,1,0
618,0,3,-0.2518374998059894,1,0,-0.3833573409252723,0.07341192703021858,0,0,1,0,0,1,0
839,1,3,0.21492481696473884,0,0,1.5873126702865439,-0.5563385795422586,1,0,1,0,1,0,0
270,1,1,0.44830597535010297,0,0,2.0341987979955096,-0.5563385795422586,0,0,1,1,0,0,0
424,0,3,-0.09625006088241332,1,1,-0.46629019580276176,0.7031624336026958,0,0,1,0,0,1,0
14,0,3,0.7594808531972551,1,5,0.3569403489370229,3.222164459892605,1,0,1,0,1,0,0
356,0,3,-0.09625006088241332,0,0,-0.7053319539790548,-0.5563385795422586,1,0,1,0,1,0,0
274,0,1,0.603893414273679,0,1,0.2801054980946431,0.07341192703021858,1,0,0,0,1,0,0
426,0,3,-0.2518374998059894,0,0,-0.8150960266110261,-0.5563385795422586,1,0,1,0,1,0,0
851,0,3,-1.9632993279653264,4,2,0.3569403489370229,3.222164459892605,1,0,1,0,0,0,0
98,1,1,-0.4852186581913535,0,1,1.9220930918140564,0.07341192703021858,1,0,0,0,1,0,0
466,0,3,0.6816871337354671,0,0,-0.8248528330672014,-0.5563385795422586,1,0,1,0,1,0,0
785,0,3,-0.32963121926777744,0,0,-0.8248528330672014,-0.5563385795422586,1,0,1,0,1,0,0
67,1,2,-0.01845634142062528,0,0,-0.6565479216981787,-0.5563385795422586,0,0,1,0,0,1,0
7,0,1,1.9263866451240756,0,0,1.3612816135195602,-0.5563385795422586,1,0,1,0,1,0,0
248,1,2,-0.4074249387295655,0,2,-0.4614117925746742,0.7031624336026958,0,0,1,0,0,1,0
314,0,3,-0.09625006088241332,0,0,-0.7835912985640363,-0.5563385795422586,1,0,1,0,1,0,0
534,1,3,-0.6019092373840356,0,2,-0.07805223170186523,0.7031624336026958,0,0,0,0,0,1,0
15,0,3,-1.1853621333474458,0,0,-0.7856207143069208,-0.5563385795422586,0,0,1,1,0,0,0
273,1,2,0.9150682921208312,0,1,-0.2174916311702935,0.07341192703021858,0,0,1,0,0,1,0
539,0,3,-0.2518374998059894,0,0,-0.4614117925746742,-0.5563385795422586,1,0,1,0,1,0,0
527,1,2,1.6152117672769235,0,0,-0.6565479216981787,-0.5563385795422586,0,0,1,1,0,0,0
569,0,3,-0.2518374998059894,0,0,-0.8161107344824684,-0.5563385795422586,1,0,0,0,1,0,0
409,0,3,-0.6408060971149296,0,0,-0.7894844096635663,-0.5563385795422586,1,0,1,0,1,0,0
540,1,1,-0.5630123776531416,0,2,1.2460293372559905,0.7031624336026958,0,0,0,1,0,0,0
515,0,3,-0.4074249387295655,0,0,-0.8031049114763869,-0.5563385795422586,1,0,1,0,1,0,0
57,1,2,-0.6408060971149296,0,0,-0.6565479216981787,-0.5563385795422586,0,0,1,1,0,0,0
632,0,3,1.6930054867387117,0,0,-0.8246479401316216,-0.5563385795422586,1,0,1,0,1,0,0
601,1,2,-0.4074249387295655,2,1,0.14838861093627753,1.3329129401751731,0,0,1,0,0,1,0
192,0,2,-0.7963935360385057,0,0,-0.5345878409959883,-0.5563385795422586,1,0,1,0,1,0,0
113,0,3,-0.5630123776531416,0,0,-0.7760688007863252,-0.5563385795422586,1,0,1,0,1,0,0
171,0,1,2.412597391760251,0,0,0.4654848207619724,-0.5563385795422586,1,0,1,0,1,0,0
465,0,3,-0.2518374998059894,0,0,-0.7760688007863252,-0.5563385795422586,1,0,1,0,1,0,0
688,0,3,-0.7963935360385057,0,0,-0.6726076251250431,-0.5563385795422586,1,0,1,0,1,0,0
96,0,3,-0.2518374998059894,0,0,-0.7760688007863252,-0.5563385795422586,1,0,1,0,1,0,0
290,1,3,-0.5630123776531416,0,0,-0.790704010470588,-0.5563385795422586,0,1,0,1,0,0,0
509,0,3,-0.09625006088241332,0,0,-0.06991993352064324,-0.5563385795422586,1,0,1,0,1,0,0
775,1,2,1.9263866451240756,1,3,-0.04674751818722701,1.9626634467476503,0,0,1,0,0,1,0
762,0,3,0.9150682921208312,0,0,-0.8211940306461356,-0.5563385795422586,1,0,1,0,1,0,0
58,0,3,-0.0573532011515193,0,0,-0.8161107344824684,-0.5563385795422586,1,0,0,0,1,0,0
421,0,3,-0.2518374998059894,0,0,-0.7835912985640363,-0.5563385795422586,1,0,0,0,1,0,0
862,0,2,-0.6408060971149296,1,0,-0.6077638894173025,0.07341192703021858,1,0,1,0,1,0,0
671,1,2,0.8372745726590431,1,1,0.7337969983067911,0.7031624336026958,0,0,1,0,0,1,0
266,0,2,0.526099694811891,0,0,-0.6565479216981787,-0.5563385795422586,1,0,1,0,1,0,0
54,1,2,-0.01845634142062528,1,0,0.0996045786554014,0.07341192703021858,0,0,1,0,0,1,0
831,1,3,-1.1075684138856579,1,0,-0.46364610125313827,0.07341192703021858,0,0,0,0,0,1,0
526,0,3,0.8761714323899372,0,0,-0.790704010470588,-0.5563385795422586,1,1,0,0,1,0,0
511,1,3,-0.01845634142062528,0,0,-0.790704010470588,-0.5563385795422586,1,1,0,0,1,0,0
507,1,2,0.2927185364265269,0,2,0.0996045786554014,0.7031624336026958,0,0,1,0,0,1,0
373,0,3,-0.7963935360385057,0,0,-0.7760688007863252,-0.5563385795422586,1,0,1,0,1,0,0
813,0,2,0.44830597535010297,0,0,-0.6565479216981787,-0.5563385795422586,1,0,1,0,1,0,0
312,1,1,-0.8741872555002937,2,2,2.0341987979955096,1.9626634467476503,0,0,0,1,0,0,0
50,0,3,-0.8741872555002937,1,0,-0.3004244860477829,0.07341192703021858,0,0,1,0,0,1,0
603,0,1,0.8372745726590431,0,0,0.89966270806177,-0.5563385795422586,1,0,1,0,1,0,0
630,0,3,-0.2518374998059894,0,0,-0.7915187038096787,-0.5563385795422586,1,1,0,0,1,0,0
590,0,3,-0.2518374998059894,0,0,-0.7760688007863252,-0.5563385795422586,1,0,1,0,1,0,0
103,0,1,-0.6408060971149296,0,1,2.0341987979955096,0.07341192703021858,1,0,1,0,1,0,0
654,1,3,-0.6019092373840356,0,0,-0.7868403151139427,-0.5563385795422586,0,1,0,1,0,0,0
582,1,1,0.7594808531972551,1,1,2.0341987979955096,0.7031624336026958,0,0,0,0,0,1,0
641,0,3,-0.7185998165767177,0,0,-0.7856207143069208,-0.5563385795422586,1,0,1,0,1,0,0
488,0,1,2.237561522971228,0,0,0.2801054980946431,-0.5563385795422586,1,0,0,0,1,0,0
600,1,1,1.5374180478151356,1,0,1.6084556698770756,0.07341192703021858,1,0,0,0,0,0,1
449,1,3,-1.8855056085035382,2,1,-0.22928273177258132,1.3329129401751731,0,0,0,1,0,0,0
559,1,1,0.7594808531972551,1,1,2.0341987979955096,0.7031624336026958,0,0,1,0,0,1,0
501,0,3,-0.9519809749620818,0,0,-0.7461885810142886,-0.5563385795422586,1,0,1,0,1,0,0
55,0,1,2.412597391760251,0,1,1.8548150328955,0.07341192703021858,1,0,0,0,1,0,0
335,1,1,0.44830597535010297,1,0,2.0341987979955096,0.07341192703021858,0,0,1,0,0,1,0
307,1,1,0.44830597535010297,0,0,2.0341987979955096,-0.5563385795422586,0,0,0,1,0,0,0
38,0,3,-0.6408060971149296,0,0,-0.7760688007863252,-0.5563385795422586,1,0,1,0,1,0,0
868,0,1,0.1371310975029508,0,0,1.294608476601287,-0.5563385795422586,1,0,1,0,1,0,0
580,1,3,0.21492481696473884,0,0,-0.7821668048214347,-0.5563385795422586,1,0,1,0,1,0,0
796,0,2,0.7594808531972551,0,0,-0.5345878409959883,-0.5563385795422586,1,0,1,0,1,0,0
13,0,3,-0.7185998165767177,0,0,-0.7760688007863252,-0.5563385795422586,1,0,1,0,1,0,0
22,1,2,0.37051225588831493,0,0,-0.5345878409959883,-0.5563385795422586,1,0,1,0,1,0,0
663,0,1,1.3818306088915595,0,0,0.07948116533953992,-0.5563385795422586,1,0,1,0,1,0,0
513,1,1,0.526099694811891,0,0,0.11362998793615335,-0.5563385795422586,1,0,1,0,1,0,0
625,0,3,-0.6408060971149296,0,0,-0.3833573409252723,-0.5563385795422586,1,0,1,0,1,0,0
455,0,3,-0.2518374998059894,0,0,-0.7760688007863252,-0.5563385795422586,1,0,1,0,1,0,0
336,0,3,-0.2518374998059894,0,0,-0.7835912985640363,-0.5563385795422586,1,0,1,0,1,0,0
535,0,3,0.059337378041162764,0,0,-0.7461885810142886,-0.5563385795422586,0,0,1,1,0,0,0
77,0,3,-0.2518374998059894,0,0,-0.7835912985640363,-0.5563385795422586,1,0,1,0,1,0,0
523,0,3,-0.2518374998059894,0,0,-0.816315627418048,-0.5563385795422586,1,0,0,0,1,0,0
104,0,3,0.2927185364265269,0,0,-0.74659348848222,-0.5563385795422586,1,0,1,0,1,0,0
310,1,1,0.059337378041162764,0,0,1.6084556698770756,-0.5563385795422586,0,0,0,1,0,0,0
184,1,2,-2.1966804863506906,2,1,0.7337969983067911,1.3329129401751731,1,0,1,0,0,0,0
405,0,3,-0.7185998165767177,0,0,-0.7461885810142886,-0.5563385795422586,0,0,1,1,0,0,0
417,1,2,0.37051225588831493,1,1,0.41670078848109626,0.7031624336026958,0,0,1,0,0,1,0
340,0,1,1.2262431699679834,0,0,0.5630528853237247,-0.5563385795422586,1,0,1,0,1,0,0
328,1,2,0.526099694811891,0,0,-0.5345878409959883,-0.5563385795422586,0,0,1,0,0,1,0
529,0,3,0.7594808531972551,0,0,-0.7821668048214347,-0.5563385795422586,1,0,1,0,1,0,0
623,1,3,-0.7185998165767177,1,1,-0.4008366596915103,0.7031624336026958,1,0,0,0,1,0,0
844,0,3,0.40940911561920895,0,0,-0.8547330528392381,-0.5563385795422586,1,0,0,0,1,0,0
201,0,3,-0.09625006088241332,0,0,-0.7053319539790548,-0.5563385795422586,1,0,1,0,1,0,0
302,1,3,-0.2518374998059894,2,0,-0.03455151011700798,0.7031624336026958,1,1,0,0,1,0,0
305,0,3,-0.2518374998059894,0,0,-0.7760688007863252,-0.5563385795422586,1,0,1,0,1,0,0
420,0,3,-1.4965370111945981,0,2,0.009354118935780474,0.7031624336026958,0,0,1,1,0,0,0
853,0,3,-1.574330730656386,1,1,-0.42502866129959677,0.7031624336026958,0,0,0,1,0,0,0
102,0,3,-0.2518374998059894,0,0,-0.7835912985640363,-0.5563385795422586,1,0,1,0,1,0,0
228,0,3,-0.6797029568458236,0,0,-0.8150960266110261,-0.5563385795422586,1,0,1,0,1,0,0
670,1,1,0.44830597535010297,1,0,1.3679894179581809,0.07341192703021858,0,0,1,0,0,1,0
326,1,1,0.526099694811891,0,0,2.0341987979955096,-0.5563385795422586,0,0,0,1,0,0,0
838,0,3,-0.2518374998059894,0,0,-0.7760688007863252,-0.5563385795422586,1,0,1,0,1,0,0
649,0,3,-0.2518374998059894,0,0,-0.8004608169267633,-0.5563385795422586,1,0,1,0,1,0,0
726,0,3,-0.7185998165767177,0,0,-0.7461885810142886,-0.5563385795422586,1,0,1,0,1,0,0
883,0,3,-0.5630123776531416,0,0,-0.6557332283590881,-0.5563385795422586,0,0,1,1,0,0,0
809,0,2,0.7594808531972551,0,0,-0.5345878409959883,-0.5563385795422586,1,0,1,0,1,0,0
504,0,3,0.603893414273679,0,0,-0.7010633511544782,-0.5563385795422586,0,0,1,1,0,0,0
755,1,2,1.4596243283533474,1,2,2.002181837609571,1.3329129401751731,0,0,1,0,0,1,0
659,0,2,-0.4852186581913535,0,0,-0.5345878409959883,-0.5563385795422586,1,0,1,0,1,0,0
728,1,3,-0.6019092373840356,0,0,-0.791313810874099,-0.5563385795422586,0,1,0,1,0,0,0
673,0,2,2.412597391760251,0,0,-0.6565479216981787,-0.5563385795422586,1,0,1,0,1,0,0
658,0,3,0.21492481696473884,1,1,-0.41262776029379805,0.7031624336026958,0,1,0,0,0,1,0
747,0,3,-1.0297746944238697,1,1,-0.1809036069596364,0.7031624336026958,1,0,1,0,1,0,0
73,0,2,-0.6408060971149296,0,0,2.0341987979955096,-0.5563385795422586,1,0,1,0,1,0,0
471,0,3,-0.2518374998059894,0,0,-0.8150960266110261,-0.5563385795422586,1,0,1,0,1,0,0
150,0,2,0.9928620115826192,0,0,-0.5345878409959883,-0.5563385795422586,1,0,1,0,0,0,1
500,0,3,-0.4074249387295655,0,0,-0.788469701792124,-0.5563385795422586,1,0,1,0,1,0,0
142,1,3,-0.5630123776531416,0,0,-0.790704010470588,-0.5563385795422586,0,0,1,1,0,0,0
662,0,3,0.8372745726590431,0,0,-0.816315627418048,-0.5563385795422586,1,0,0,0,1,0,0
306,1,1,-2.202903983907633,1,2,2.0341987979955096,1.3329129401751731,1,0,1,0,0,0,0
286,0,3,0.2927185364265269,0,0,-0.7461885810142886,-0.5563385795422586,1,0,0,0,1,0,0
676,0,3,-0.8741872555002937,0,0,-0.7894844096635663,-0.5563385795422586,1,0,1,0,1,0,0
170,0,3,-0.09625006088241332,0,0,1.5873126702865439,-0.5563385795422586,1,0,1,0,1,0,0
595,0,2,0.603893414273679,1,0,0.0996045786554014,0.07341192703021858,1,0,1,0,1,0,0
778,1,3,-1.8855056085035382,0,0,-0.5601994579434484,-0.5563385795422586,0,0,1,1,0,0,0
781,1,3,-1.263155852809234,0,0,-0.8161107344824684,-0.5563385795422586,0,0,0,1,0,0,0
552,0,2,-0.17404378034420137,0,0,0.0996045786554014,-0.5563385795422586,1,0,1,0,1,0,0
358,0,2,0.6816871337354671,0,0,-0.5345878409959883,-0.5563385795422586,0,0,1,1,0,0,0
846,0,3,0.9928620115826192,0,0,-0.8004608169267633,-0.5563385795422586,1,0,1,0,1,0,0
349,1,3,-2.0410930474271143,1,1,-0.39311414738144757,0.7031624336026958,1,0,1,0,0,0,0
400,1,2,-0.09625006088241332,0,0,-0.551662252294295,-0.5563385795422586,0,0,1,0,0,1,0
300,1,1,1.6152117672769235,0,1,2.0341987979955096,0.07341192703021858,0,0,0,0,0,1,0
858,1,1,1.6930054867387117,0,0,0.1264357964098833,-0.5563385795422586,1,0,1,0,1,0,0
860,0,3,-0.2518374998059894,0,0,-0.8161107344824684,-0.5563385795422586,1,0,0,0,1,0,0
291,1,1,-0.2518374998059894,0,0,2.0341987979955096,-0.5563385795422586,0,0,1,1,0,0,0
651,0,3,-0.2518374998059894,0,0,-0.7835912985640363,-0.5563385795422586,1,0,1,0,1,0,0
711,1,1,-0.4074249387295655,0,0,1.24623423019157,-0.5563385795422586,0,0,0,1,0,0,0
622,1,1,0.9928620115826192,1,0,1.3950255286482425,0.07341192703021858,1,0,1,0,1,0,0
708,1,1,0.9928620115826192,0,0,0.11362998793615335,-0.5563385795422586,1,0,1,0,1,0,0
385,0,3,-0.2518374998059894,0,0,-0.7835912985640363,-0.5563385795422586,1,0,1,0,1,0,0
451,0,2,0.526099694811891,1,2,0.18497663514693463,1.3329129401751731,1,0,1,0,1,0,0
137,1,1,-0.7963935360385057,0,2,0.11342509500057363,0.7031624336026958,0,0,1,1,0,0,0
864,0,3,-0.6019092373840356,8,2,2.0341987979955096,5.741166486182514,0,0,1,1,0,0,0
457,0,1,2.412597391760251,0,0,0.1264357964098833,-0.5563385795422586,1,0,1,0,1,0,0
23,1,3,-1.1075684138856579,0,0,-0.7770835086577675,-0.5563385795422586,0,1,0,1,0,0,0
20,1,3,-0.6019092373840356,0,0,-0.816315627418048,-0.5563385795422586,0,0,0,0,0,1,0
790,0,1,1.3040368894297714,0,0,2.0341987979955096,-0.5563385795422586,1,0,0,0,1,0,0
84,0,1,-0.09625006088241332,0,0,1.128947659781888,-0.5563385795422586,1,0,1,0,1,0,0
260,1,2,1.6152117672769235,0,1,0.0996045786554014,0.07341192703021858,0,0,1,0,0,1,0
292,1,1,-0.7963935360385057,1,0,2.0341987979955096,0.07341192703021858,0,0,0,0,0,1,0
110,1,3,-0.6019092373840356,1,0,0.009354118935780474,0.07341192703021858,0,1,0,1,0,0,0
371,1,1,-0.32963121926777744,1,0,1.5358894218592722,0.07341192703021858,1,0,0,0,1,0,0
830,1,1,2.412597391760251,0,0,2.0341987979955096,-0.5563385795422586,0,0,1,0,0,1,0
725,1,1,-0.17404378034420137,1,0,1.4216518534671447,0.07341192703021858,1,0,1,0,1,0,0
487,1,1,0.44830597535010297,1,0,2.0341987979955096,0.07341192703021858,0,0,1,0,0,1,0
498,0,3,-0.2518374998059894,0,0,-0.4321413732061485,-0.5563385795422586,1,0,1,0,1,0,0
700,0,3,0.9928620115826192,0,0,-0.7955824136986758,-0.5563385795422586,1,0,1,0,1,0,0
43,0,3,-0.2518374998059894,0,0,-0.7835912985640363,-0.5563385795422586,1,0,0,0,1,0,0
458,1,1,0.44830597535010297,1,0,1.3612816135195602,0.07341192703021858,0,0,1,0,0,1,0
211,0,3,-0.4074249387295655,0,0,-0.8248528330672014,-0.5563385795422586,1,0,1,0,1,0,0
128,1,3,-0.4074249387295655,0,0,-0.820379337307045,-0.5563385795422586,1,0,1,0,1,0,0
619,1,2,-1.9632993279653264,2,1,0.7337969983067911,1.3329129401751731,0,0,1,1,0,0,0
444,1,2,-0.09625006088241332,0,0,-0.5345878409959883,-0.5563385795422586,0,0,1,1,0,0,0
386,0,2,-0.8741872555002937,0,0,2.0341987979955096,-0.5563385795422586,1,0,1,0,1,0,0
9,1,3,-0.17404378034420137,0,2,-0.6256529940546999,0.7031624336026958,0,0,1,0,0,1,0
767,0,1,0.8372745726590431,0,0,0.7630674176753169,-0.5563385795422586,1,0,0,0,0,0,1
684,0,3,-1.1853621333474458,5,2,1.1191908533257127,3.851914966465082,1,0,1,0,1,0,0
875,1,2,-0.09625006088241332,1,0,0.0020365140936491224,0.07341192703021858,0,0,0,0,0,1,0
226,0,3,-0.5630123776531416,0,0,-0.7126495588211863,-0.5563385795422586,1,0,1,0,1,0,0
249,1,1,0.603893414273679,1,1,1.3950255286482425,0.7031624336026958,1,0,1,0,1,0,0
593,0,3,1.3818306088915595,0,0,-0.8150960266110261,-0.5563385795422586,1,0,1,0,1,0,0
761,0,3,-0.2518374998059894,0,0,-0.4614117925746742,-0.5563385795422586,1,0,1,0,1,0,0
343,0,2,-0.09625006088241332,0,0,-0.5345878409959883,-0.5563385795422586,1,0,1,0,1,0,0
596,0,3,0.526099694811891,1,1,0.009354118935780474,0.7031624336026958,1,0,1,0,1,0,0
763,1,3,-0.7185998165767177,0,0,-0.8161107344824684,-0.5563385795422586,1,0,0,0,1,0,0
16,1,2,2.0041803645858636,0,0,-0.38823574415336,-0.5563385795422586,0,0,1,0,0,1,0
230,0,3,-0.6019092373840356,3,1,0.07358805424001012,1.9626634467476503,0,0,1,1,0,0,0
244,0,3,-0.5630123776531416,0,0,-0.8211940306461356,-0.5563385795422586,1,0,1,0,1,0,0
773,0,2,2.15976780350944,0,0,-0.6565479216981787,-0.5563385795422586,0,0,1,0,0,1,0
478,0,3,-0.01845634142062528,1,0,-0.825057726002781,0.07341192703021858,1,0,1,0,1,0,0
70,0,3,-0.2518374998059894,2,0,-0.7461885810142886,0.7031624336026958,1,0,1,0,1,0,0
564,0,3,-0.2518374998059894,0,0,-0.7760688007863252,-0.5563385795422586,1,0,1,0,1,0,0
578,1,1,0.7594808531972551,1,0,1.5582471438535979,0.07341192703021858,0,0,1,0,0,1,0
520,0,3,0.21492481696473884,0,0,-0.7835912985640363,-0.5563385795422586,1,0,1,0,1,0,0
80,1,3,0.059337378041162764,0,0,-0.5601994579434484,-0.5563385795422586,0,0,1,1,0,0,0
62,1,1,0.6816871337354671,0,0,2.0341987979955096,-0.5563385795422586,0,0,1,1,0,0,0
739,0,3,-0.2518374998059894,0,0,-0.7835912985640363,-0.5563385795422586,1,0,1,0,1,0,0
787,1,3,-0.8741872555002937,0,0,-0.8031049114763869,-0.5563385795422586,0,0,1,1,0,0,0
616,1,2,-0.4074249387295655,1,2,2.002181837609571,1.3329129401751731,0,0,1,1,0,0,0
11,1,3,-1.9632993279653264,1,1,-0.3540869215567467,0.7031624336026958,0,0,1,1,0,0,0
377,1,3,-0.5630123776531416,0,0,-0.8150960266110261,-0.5563385795422586,0,0,1,1,0,0,0
29,1,3,-0.6019092373840356,0,0,-0.7844011134998988,-0.5563385795422586,0,1,0,1,0,0,0
399,0,2,-0.4852186581913535,0,0,-0.6565479216981787,-0.5563385795422586,1,0,1,0,0,0,1
689,0,3,-0.8741872555002937,0,0,-0.788469701792124,-0.5563385795422586,1,0,1,0,1,0,0
271,0,1,0.8372745726590431,0,0,0.34352474005978206,-0.5563385795422586,1,0,1,0,1,0,0
882,0,3,0.2927185364265269,0,0,-0.7835912985640363,-0.5563385795422586,1,0,1,0,1,0,0
238,1,2,-1.6521244501181742,0,2,0.11180058672562043,0.7031624336026958,0,0,1,1,0,0,0
1,0,3,-0.5630123776531416,1,0,-0.8150960266110261,0.07341192703021858,1,0,1,0,1,0,0
573,1,1,0.526099694811891,0,0,0.11850839116424086,-0.5563385795422586,1,0,1,0,1,0,0
667,0,2,-0.32963121926777744,0,0,-0.5345878409959883,-0.5563385795422586,1,0,1,0,1,0,0
284,1,3,-0.7963935360385057,0,0,-0.7760688007863252,-0.5563385795422586,1,0,1,0,1,0,0
889,0,3,-0.6019092373840356,1,2,-0.024794703660832786,1.3329129401751731,0,0,1,1,0,0,0
391,1,1,0.526099694811891,1,2,2.0341987979955096,1.3329129401751731,1,0,1,0,1,0,0
530,0,2,-0.4852186581913535,2,1,-0.6077638894173025,1.3329129401751731,1,0,1,0,1,0,0
568,0,3,-0.01845634142062528,0,4,-0.14065678032791362,1.9626634467476503,0,0,1,0,0,1,0
173,1,3,-2.1966804863506906,1,1,-0.6256529940546999,0.7031624336026958,0,0,1,1,0,0,0
848,0,3,0.44830597535010297,0,0,-0.7835912985640363,-0.5563385795422586,1,0,0,0,1,0,0
118,0,2,-0.01845634142062528,1,0,-0.1443155827489793,0.07341192703021858,1,0,1,0,1,0,0
237,0,2,1.1484494505061953,1,0,0.0996045786554014,0.07341192703021858,1,0,1,0,1,0,0
742,0,1,0.526099694811891,1,0,2.0341987979955096,0.07341192703021858,1,0,1,0,1,0,0
602,0,3,-0.2518374998059894,0,0,-0.7835912985640363,-0.5563385795422586,1,0,1,0,1,0,0
826,0,3,-0.2518374998059894,0,0,-0.829731236295289,-0.5563385795422586,1,1,0,0,1,0,0
392,1,3,-0.6408060971149296,0,0,-0.788469701792124,-0.5563385795422586,1,0,1,0,1,0,0
283,0,3,-1.0297746944238697,0,0,-0.7053319539790548,-0.5563385795422586,1,0,1,0,1,0,0
721,1,2,-1.8077118890417503,0,1,0.44109280462153433,0.07341192703021858,0,0,1,1,0,0,0
430,1,3,0.21492481696473884,0,0,-0.7760688007863252,-0.5563385795422586,1,0,1,0,1,0,0
823,0,1,0.6816871337354671,0,0,-1.168780260647378,-0.5563385795422586,1,0,1,0,0,0,1
313,0,2,-0.2518374998059894,1,1,0.0996045786554014,0.7031624336026958,0,0,1,0,0,1,0
497,1,1,1.9263866451240756,1,0,2.0341987979955096,0.07341192703021858,0,0,0,1,0,0,0
186,0,1,0.8372745726590431,0,0,1.2704213533964286,-0.5563385795422586,1,0,1,0,1,0,0
31,0,1,0.8372745726590431,0,0,0.18355214140433307,-0.5563385795422586,1,0,0,0,0,0,1
289,1,2,0.9928620115826192,0,0,-0.5345878409959883,-0.5563385795422586,1,0,1,0,1,0,0
282,0,3,-0.09625006088241332,0,0,-0.7856207143069208,-0.5563385795422586,1,0,1,0,1,0,0
4,1,1,0.44830597535010297,1,0,1.4216518534671447,0.07341192703021858,0,0,1,0,0,1,0
372,0,3,-0.8741872555002937,1,0,-0.851888943757263,0.07341192703021858,1,0,1,0,1,0,0
835,0,3,-0.8741872555002937,0,0,-0.7638727927161062,-0.5563385795422586,1,0,1,0,1,0,0
183,0,3,-1.574330730656386,4,2,0.36242855256862155,3.222164459892605,1,0,1,0,0,0,0
190,0,3,0.526099694811891,0,0,-0.7835912985640363,-0.5563385795422586,1,0,1,0,1,0,0
643,0,3,-2.1188867668889024,3,2,0.19229423998906597,2.592413953320128,0,0,1,1,0,0,0
885,0,3,-0.32963121926777744,0,0,-0.8248528330672014,-0.5563385795422586,1,0,1,0,1,0,0
583,0,2,1.9263866451240756,0,0,0.0996045786554014,-0.5563385795422586,1,0,1,0,1,0,0
148,0,3,-1.574330730656386,2,2,0.508170849007739,1.9626634467476503,0,0,1,1,0,0,0
631,1,1,2.412597391760251,0,0,0.29474070777890593,-0.5563385795422586,1,0,1,0,1,0,0
610,1,1,0.8372745726590431,0,0,2.0341987979955096,-0.5563385795422586,0,0,1,1,0,0,0
338,1,1,0.9150682921208312,0,0,2.0341987979955096,-0.5563385795422586,0,0,0,1,0,0,0
317,1,2,-0.4074249387295655,1,0,0.0996045786554014,0.07341192703021858,0,0,1,0,0,1,0
81,0,3,-0.5630123776531416,0,0,-0.7297239701194929,-0.5563385795422586,1,0,1,0,1,0,0
782,1,1,-0.9519809749620818,1,0,1.6119095793625615,0.07341192703021858,0,0,1,0,0,1,0
168,0,3,1.2262431699679834,1,4,0.19229423998906597,2.592413953320128,0,0,1,0,0,1,0
132,0,3,-0.7185998165767177,0,0,-0.8248528330672014,-0.5563385795422586,1,0,1,0,1,0,0
592,1,1,1.7707992062004996,1,0,2.0341987979955096,0.07341192703021858,0,0,0,0,0,1,0
364,0,3,0.44830597535010297,0,0,-0.8248528330672014,-0.5563385795422586,1,0,1,0,1,0,0
799,0,3,0.059337378041162764,0,0,-0.8161107344824684,-0.5563385795422586,1,0,0,0,1,0,0
49,0,3,-0.2518374998059894,2,0,-0.11118146802380814,0.7031624336026958,1,0,0,0,1,0,0
225,1,1,0.6816871337354671,1,0,2.0341987979955096,0.07341192703021858,1,0,1,0,1,0,0
241,0,3,-0.6019092373840356,1,0,-0.46364610125313827,0.07341192703021858,0,0,0,1,0,0,0
807,0,1,0.7594808531972551,0,0,-1.168780260647378,-0.5563385795422586,1,0,1,0,1,0,0
216,1,1,0.1371310975029508,1,0,2.0341987979955096,0.07341192703021858,0,0,0,1,0,0,0
479,0,3,-0.5630123776531416,0,0,-0.8018853106693649,-0.5563385795422586,1,0,1,0,1,0,0
841,0,3,-0.7185998165767177,0,0,-0.7821668048214347,-0.5563385795422586,1,0,1,0,1,0,0
709,1,1,-0.5630123776531416,0,0,2.0341987979955096,-0.5563385795422586,0,0,1,1,0,0,0
316,1,3,-0.2518374998059894,0,0,-0.7856207143069208,-0.5563385795422586,0,0,1,1,0,0,0
876,1,3,-1.1075684138856579,0,0,-0.816315627418048,-0.5563385795422586,0,0,0,1,0,0,0
207,0,3,0.21492481696473884,1,0,-0.3955533489954914,0.07341192703021858,1,0,1,0,1,0,0
258,1,1,0.059337378041162764,0,0,2.0341987979955096,-0.5563385795422586,0,0,1,1,0,0,0
99,1,2,0.37051225588831493,0,1,-0.04674751818722701,0.07341192703021858,0,0,1,0,0,1,0
574,1,3,-0.6019092373840356,0,0,-0.790704010470588,-0.5563385795422586,0,1,0,1,0,0,0
789,1,3,-2.1966804863506906,1,2,-0.1650487964683517,1.3329129401751731,1,0,1,0,0,0,0
563,0,2,-0.09625006088241332,0,0,-0.5101958248555503,-0.5563385795422586,1,0,1,0,1,0,0
521,1,1,0.059337378041162764,0,0,2.0341987979955096,-0.5563385795422586,0,0,1,1,0,0,0
213,0,3,-0.5630123776531416,0,0,-0.8150960266110261,-0.5563385795422586,1,0,1,0,1,0,0
437,0,3,-0.6408060971149296,2,2,0.508170849007739,1.9626634467476503,0,0,1,1,0,0,0
293,0,2,0.526099694811891,0,0,-0.5406858450310978,-0.5563385795422586,1,0,0,0,1,0,0
562,0,3,0.8372745726590431,0,0,-0.7835912985640363,-0.5563385795422586,1,0,1,0,1,0,0
828,1,2,-2.1966804863506906,0,2,0.6364338266806184,0.7031624336026958,1,0,0,0,0,0,0
189,0,3,0.8372745726590431,1,1,-0.41262776029379805,0.7031624336026958,1,1,0,0,1,0,0
101,0,3,-0.09625006088241332,0,0,-0.7835912985640363,-0.5563385795422586,0,0,1,1,0,0,0
347,1,2,0.8372745726590431,0,0,-0.5345878409959883,-0.5563385795422586,0,0,1,1,0,0,0
698,1,3,-0.6019092373840356,0,0,-0.7915187038096787,-0.5563385795422586,0,1,0,1,0,0,0
322,0,3,-0.17404378034420137,0,0,-0.7835912985640363,-0.5563385795422586,1,0,1,0,1,0,0
311,1,1,-0.4074249387295655,0,0,2.0341987979955096,-0.5563385795422586,0,0,0,1,0,0,0
59,1,2,-1.8855056085035382,1,2,0.18497663514693463,1.3329129401751731,0,0,1,1,0,0,0
203,0,3,0.37051225588831493,0,0,-0.851888943757263,-0.5563385795422586,1,0,1,0,1,0,0
394,1,1,-0.4852186581913535,1,0,2.0341987979955096,0.07341192703021858,0,0,0,1,0,0,0
117,0,3,2.412597391760251,0,0,-0.790704010470588,-0.5563385795422586,1,1,0,0,1,0,0
69,1,3,-0.9519809749620818,4,2,-0.7821668048214347,3.222164459892605,0,0,1,1,0,0,0
330,1,1,-1.0297746944238697,0,1,1.6596789037719955,0.07341192703021858,0,0,0,1,0,0,0
68,0,3,-0.7963935360385057,0,0,-0.7707854900903063,-0.5563385795422586,1,0,1,0,1,0,0
786,0,3,-0.32963121926777744,0,0,-0.8150960266110261,-0.5563385795422586,1,0,1,0,1,0,0
499,0,1,-0.32963121926777744,1,2,2.0341987979955096,1.3329129401751731,0,0,1,0,0,1,0
36,0,1,0.9928620115826192,1,0,1.3679894179581809,0.07341192703021858,1,0,1,0,1,0,0
174,0,3,-0.6408060971149296,0,0,-0.7821668048214347,-0.5563385795422586,1,0,1,0,1,0,0
224,0,3,-0.2518374998059894,0,0,-0.7835912985640363,-0.5563385795422586,1,0,1,0,1,0,0
278,0,2,0.059337378041162764,0,0,-1.168780260647378,-0.5563385795422586,1,0,1,0,1,0,0
690,1,1,-1.1075684138856579,0,1,2.0341987979955096,0.07341192703021858,0,0,1,1,0,0,0
130,0,3,1.2262431699679834,0,0,-0.828511635488267,-0.5563385795422586,1,0,1,0,1,0,0
452,0,3,-0.2518374998059894,1,0,-0.19472412330480862,0.07341192703021858,1,0,1,0,1,0,0
268,1,3,-0.32963121926777744,1,0,-0.7894844096635663,0.07341192703021858,1,0,1,0,1,0,0
873,0,1,0.2927185364265269,0,0,-0.9248600992429975,-0.5563385795422586,1,0,1,0,1,0,0
636,1,2,-0.09625006088241332,0,0,-0.5345878409959883,-0.5563385795422586,0,0,1,1,0,0,0
666,0,2,0.21492481696473884,2,0,2.0341987979955096,0.7031624336026958,1,0,1,0,1,0,0
890,1,1,-0.2518374998059894,0,0,0.29474070777890593,-0.5563385795422586,1,0,0,0,1,0,0
105,0,3,0.603893414273679,2,0,-0.7821668048214347,0.7031624336026958,1,0,1,0,1,0,0
178,0,1,1.6152117672769235,0,0,0.23193126621727783,-0.5563385795422586,0,0,0,1,0,0,0
545,0,1,1.6152117672769235,1,0,2.0341987979955096,0.07341192703021858,1,0,0,0,1,0,0
681,0,3,-0.6019092373840356,0,0,-0.7718001979617486,-0.5563385795422586,0,1,0,1,0,0,0
477,0,2,0.37051225588831493,1,0,-0.1443155827489793,0.07341192703021858,1,0,1,0,1,0,0
360,1,3,-0.6019092373840356,0,0,-0.7844011134998988,-0.5563385795422586,0,1,0,1,0,0,0
259,1,1,0.44830597535010297,0,0,2.0341987979955096,-0.5563385795422586,0,0,0,1,0,0,0
737,0,3,1.4596243283533474,1,3,0.508170849007739,1.9626634467476503,0,0,1,0,0,1,0
463,0,1,1.3818306088915595,0,0,0.7094049821663531,-0.5563385795422586,1,0,1,0,1,0,0
508,1,1,0.8372745726590431,0,0,0.1264357964098833,-0.5563385795422586,1,0,1,0,1,0,0
